<annotation>
	<folder>turkish_coin_dataset</folder>
	<filename>10krr_jpg.rf.5a15c89e476fc52083e15f53e7ac5fdd.jpg</filename>
	<path>C:\Users\yaznu\OneDrive\Masaüstü\turkish_coin_dataset\10krr_jpg.rf.5a15c89e476fc52083e15f53e7ac5fdd.jpg</path>
	<source>
		<database>Unknown</database>
	</source>
	<size>
		<width>416</width>
		<height>416</height>
		<depth>3</depth>
	</size>
	<segmented>0</segmented>
	<object>
		<name>10Krs</name>
		<pose>Unspecified</pose>
		<truncated>0</truncated>
		<difficult>0</difficult>
		<bndbox>
			<xmin>10</xmin>
			<ymin>15</ymin>
			<xmax>404</xmax>
			<ymax>407</ymax>
		</bndbox>
	</object>
</annotation>
