<annotation>
	<folder>turkish_coin_dataset</folder>
	<filename>10kr_jpg.rf.080863e8ad9156dfd8f2a818d23a3f8b.jpg</filename>
	<path>C:\Users\yaznu\OneDrive\Masaüstü\turkish_coin_dataset\10kr_jpg.rf.080863e8ad9156dfd8f2a818d23a3f8b.jpg</path>
	<source>
		<database>Unknown</database>
	</source>
	<size>
		<width>416</width>
		<height>416</height>
		<depth>3</depth>
	</size>
	<segmented>0</segmented>
	<object>
		<name>10Krs</name>
		<pose>Unspecified</pose>
		<truncated>0</truncated>
		<difficult>0</difficult>
		<bndbox>
			<xmin>8</xmin>
			<ymin>8</ymin>
			<xmax>409</xmax>
			<ymax>413</ymax>
		</bndbox>
	</object>
</annotation>
