<annotation>
	<folder>turkish_coin_dataset</folder>
	<filename>10kr_jpg.rf.fd94ca19336098b3d7a2417a10648af4.jpg</filename>
	<path>C:\Users\yaznu\OneDrive\Masaüstü\turkish_coin_dataset\10kr_jpg.rf.fd94ca19336098b3d7a2417a10648af4.jpg</path>
	<source>
		<database>Unknown</database>
	</source>
	<size>
		<width>416</width>
		<height>416</height>
		<depth>3</depth>
	</size>
	<segmented>0</segmented>
	<object>
		<name>10Krs</name>
		<pose>Unspecified</pose>
		<truncated>0</truncated>
		<difficult>0</difficult>
		<bndbox>
			<xmin>12</xmin>
			<ymin>9</ymin>
			<xmax>408</xmax>
			<ymax>408</ymax>
		</bndbox>
	</object>
</annotation>
