<annotation>
	<folder>turkish_coin_dataset</folder>
	<filename>10krr_jpg.rf.0369a32e8761ee14d977e427fc38a809.jpg</filename>
	<path>C:\Users\yaznu\OneDrive\Masaüstü\turkish_coin_dataset\10krr_jpg.rf.0369a32e8761ee14d977e427fc38a809.jpg</path>
	<source>
		<database>Unknown</database>
	</source>
	<size>
		<width>416</width>
		<height>416</height>
		<depth>3</depth>
	</size>
	<segmented>0</segmented>
	<object>
		<name>10Krs</name>
		<pose>Unspecified</pose>
		<truncated>0</truncated>
		<difficult>0</difficult>
		<bndbox>
			<xmin>4</xmin>
			<ymin>10</ymin>
			<xmax>407</xmax>
			<ymax>407</ymax>
		</bndbox>
	</object>
</annotation>
