<annotation>
	<folder>turkish_coin_dataset</folder>
	<filename>10krr_jpg.rf.5494c30b6cb4196f309c1682c2f8ef7c.jpg</filename>
	<path>C:\Users\yaznu\OneDrive\Masaüstü\turkish_coin_dataset\10krr_jpg.rf.5494c30b6cb4196f309c1682c2f8ef7c.jpg</path>
	<source>
		<database>Unknown</database>
	</source>
	<size>
		<width>416</width>
		<height>416</height>
		<depth>3</depth>
	</size>
	<segmented>0</segmented>
	<object>
		<name>10Krs</name>
		<pose>Unspecified</pose>
		<truncated>0</truncated>
		<difficult>0</difficult>
		<bndbox>
			<xmin>8</xmin>
			<ymin>12</ymin>
			<xmax>405</xmax>
			<ymax>408</ymax>
		</bndbox>
	</object>
</annotation>
