<annotation>
	<folder>turkish_coin_dataset</folder>
	<filename>10krr_jpg.rf.9b38b430effa93b1c2905e479fbc0cd4.jpg</filename>
	<path>C:\Users\yaznu\OneDrive\Masaüstü\turkish_coin_dataset\10krr_jpg.rf.9b38b430effa93b1c2905e479fbc0cd4.jpg</path>
	<source>
		<database>Unknown</database>
	</source>
	<size>
		<width>416</width>
		<height>416</height>
		<depth>3</depth>
	</size>
	<segmented>0</segmented>
	<object>
		<name>10Krs</name>
		<pose>Unspecified</pose>
		<truncated>0</truncated>
		<difficult>0</difficult>
		<bndbox>
			<xmin>11</xmin>
			<ymin>13</ymin>
			<xmax>410</xmax>
			<ymax>407</ymax>
		</bndbox>
	</object>
</annotation>
