<annotation>
	<folder>turkish_coin_dataset</folder>
	<filename>10kr_jpg.rf.3f0379d3215e090671b984d5f9477a9a.jpg</filename>
	<path>C:\Users\yaznu\OneDrive\Masaüstü\turkish_coin_dataset\10kr_jpg.rf.3f0379d3215e090671b984d5f9477a9a.jpg</path>
	<source>
		<database>Unknown</database>
	</source>
	<size>
		<width>416</width>
		<height>416</height>
		<depth>3</depth>
	</size>
	<segmented>0</segmented>
	<object>
		<name>10Krs</name>
		<pose>Unspecified</pose>
		<truncated>0</truncated>
		<difficult>0</difficult>
		<bndbox>
			<xmin>11</xmin>
			<ymin>6</ymin>
			<xmax>404</xmax>
			<ymax>406</ymax>
		</bndbox>
	</object>
</annotation>
