<annotation>
	<folder>turkish_coin_dataset</folder>
	<filename>10krr_jpg.rf.65b8478b76c87bbe0cb3be4ee7f16365.jpg</filename>
	<path>C:\Users\yaznu\OneDrive\Masaüstü\turkish_coin_dataset\10krr_jpg.rf.65b8478b76c87bbe0cb3be4ee7f16365.jpg</path>
	<source>
		<database>Unknown</database>
	</source>
	<size>
		<width>416</width>
		<height>416</height>
		<depth>3</depth>
	</size>
	<segmented>0</segmented>
	<object>
		<name>10Krs</name>
		<pose>Unspecified</pose>
		<truncated>0</truncated>
		<difficult>0</difficult>
		<bndbox>
			<xmin>5</xmin>
			<ymin>11</ymin>
			<xmax>408</xmax>
			<ymax>411</ymax>
		</bndbox>
	</object>
</annotation>
