<annotation>
	<folder>turkish_coin_dataset</folder>
	<filename>10krr_jpg.rf.082f69f5c3fc99c91051a4f77a79ad4a.jpg</filename>
	<path>C:\Users\yaznu\OneDrive\Masaüstü\turkish_coin_dataset\10krr_jpg.rf.082f69f5c3fc99c91051a4f77a79ad4a.jpg</path>
	<source>
		<database>Unknown</database>
	</source>
	<size>
		<width>416</width>
		<height>416</height>
		<depth>3</depth>
	</size>
	<segmented>0</segmented>
	<object>
		<name>10Krs</name>
		<pose>Unspecified</pose>
		<truncated>0</truncated>
		<difficult>0</difficult>
		<bndbox>
			<xmin>6</xmin>
			<ymin>9</ymin>
			<xmax>408</xmax>
			<ymax>397</ymax>
		</bndbox>
	</object>
</annotation>
