<annotation>
	<folder>turkish_coin_dataset</folder>
	<filename>10kr_jpg.rf.2d8d2062fec95fb47e86c6254bf09f2e.jpg</filename>
	<path>C:\Users\yaznu\OneDrive\Masaüstü\turkish_coin_dataset\10kr_jpg.rf.2d8d2062fec95fb47e86c6254bf09f2e.jpg</path>
	<source>
		<database>Unknown</database>
	</source>
	<size>
		<width>416</width>
		<height>416</height>
		<depth>3</depth>
	</size>
	<segmented>0</segmented>
	<object>
		<name>10Krs</name>
		<pose>Unspecified</pose>
		<truncated>0</truncated>
		<difficult>0</difficult>
		<bndbox>
			<xmin>8</xmin>
			<ymin>7</ymin>
			<xmax>410</xmax>
			<ymax>406</ymax>
		</bndbox>
	</object>
</annotation>
