<annotation>
	<folder>turkish_coin_dataset</folder>
	<filename>10kr_jpg.rf.29b4076d8fb277d865ac5aa8147978ee.jpg</filename>
	<path>C:\Users\yaznu\OneDrive\Masaüstü\turkish_coin_dataset\10kr_jpg.rf.29b4076d8fb277d865ac5aa8147978ee.jpg</path>
	<source>
		<database>Unknown</database>
	</source>
	<size>
		<width>416</width>
		<height>416</height>
		<depth>3</depth>
	</size>
	<segmented>0</segmented>
	<object>
		<name>10Krs</name>
		<pose>Unspecified</pose>
		<truncated>0</truncated>
		<difficult>0</difficult>
		<bndbox>
			<xmin>10</xmin>
			<ymin>11</ymin>
			<xmax>407</xmax>
			<ymax>409</ymax>
		</bndbox>
	</object>
</annotation>
