<annotation>
	<folder>turkish_coin_dataset</folder>
	<filename>10krr_jpg.rf.ef922be978bc0149a8d30f360eddc17a.jpg</filename>
	<path>C:\Users\yaznu\OneDrive\Masaüstü\turkish_coin_dataset\10krr_jpg.rf.ef922be978bc0149a8d30f360eddc17a.jpg</path>
	<source>
		<database>Unknown</database>
	</source>
	<size>
		<width>416</width>
		<height>416</height>
		<depth>3</depth>
	</size>
	<segmented>0</segmented>
	<object>
		<name>10Krs</name>
		<pose>Unspecified</pose>
		<truncated>0</truncated>
		<difficult>0</difficult>
		<bndbox>
			<xmin>4</xmin>
			<ymin>10</ymin>
			<xmax>412</xmax>
			<ymax>410</ymax>
		</bndbox>
	</object>
</annotation>
