<annotation>
	<folder>turkish_coin_dataset</folder>
	<filename>10krr_jpg.rf.4fafebb3affec9bda7437ab740d86766.jpg</filename>
	<path>C:\Users\yaznu\OneDrive\Masaüstü\turkish_coin_dataset\10krr_jpg.rf.4fafebb3affec9bda7437ab740d86766.jpg</path>
	<source>
		<database>Unknown</database>
	</source>
	<size>
		<width>416</width>
		<height>416</height>
		<depth>3</depth>
	</size>
	<segmented>0</segmented>
	<object>
		<name>10Krs</name>
		<pose>Unspecified</pose>
		<truncated>0</truncated>
		<difficult>0</difficult>
		<bndbox>
			<xmin>8</xmin>
			<ymin>11</ymin>
			<xmax>404</xmax>
			<ymax>409</ymax>
		</bndbox>
	</object>
</annotation>
