<annotation>
	<folder>turkish_coin_dataset</folder>
	<filename>1399471_jpg.rf.3ed6efa128ee69325175523d8c04ea64.jpg</filename>
	<path>C:\Users\yaznu\OneDrive\Masaüstü\turkish_coin_dataset\1399471_jpg.rf.3ed6efa128ee69325175523d8c04ea64.jpg</path>
	<source>
		<database>Unknown</database>
	</source>
	<size>
		<width>416</width>
		<height>416</height>
		<depth>3</depth>
	</size>
	<segmented>0</segmented>
	<object>
		<name>1Tl</name>
		<pose>Unspecified</pose>
		<truncated>1</truncated>
		<difficult>0</difficult>
		<bndbox>
			<xmin>150</xmin>
			<ymin>339</ymin>
			<xmax>277</xmax>
			<ymax>416</ymax>
		</bndbox>
	</object>
	<object>
		<name>1Tl</name>
		<pose>Unspecified</pose>
		<truncated>0</truncated>
		<difficult>0</difficult>
		<bndbox>
			<xmin>284</xmin>
			<ymin>274</ymin>
			<xmax>405</xmax>
			<ymax>363</ymax>
		</bndbox>
	</object>
	<object>
		<name>50Krs</name>
		<pose>Unspecified</pose>
		<truncated>0</truncated>
		<difficult>0</difficult>
		<bndbox>
			<xmin>254</xmin>
			<ymin>205</ymin>
			<xmax>366</xmax>
			<ymax>284</ymax>
		</bndbox>
	</object>
	<object>
		<name>50Krs</name>
		<pose>Unspecified</pose>
		<truncated>0</truncated>
		<difficult>0</difficult>
		<bndbox>
			<xmin>128</xmin>
			<ymin>269</ymin>
			<xmax>240</xmax>
			<ymax>347</ymax>
		</bndbox>
	</object>
	<object>
		<name>25Krs</name>
		<pose>Unspecified</pose>
		<truncated>0</truncated>
		<difficult>0</difficult>
		<bndbox>
			<xmin>101</xmin>
			<ymin>217</ymin>
			<xmax>198</xmax>
			<ymax>279</ymax>
		</bndbox>
	</object>
	<object>
		<name>25Krs</name>
		<pose>Unspecified</pose>
		<truncated>0</truncated>
		<difficult>0</difficult>
		<bndbox>
			<xmin>228</xmin>
			<ymin>149</ymin>
			<xmax>322</xmax>
			<ymax>221</ymax>
		</bndbox>
	</object>
	<object>
		<name>10Krs</name>
		<pose>Unspecified</pose>
		<truncated>0</truncated>
		<difficult>0</difficult>
		<bndbox>
			<xmin>77</xmin>
			<ymin>158</ymin>
			<xmax>166</xmax>
			<ymax>220</ymax>
		</bndbox>
	</object>
	<object>
		<name>10Krs</name>
		<pose>Unspecified</pose>
		<truncated>0</truncated>
		<difficult>0</difficult>
		<bndbox>
			<xmin>205</xmin>
			<ymin>95</ymin>
			<xmax>288</xmax>
			<ymax>160</ymax>
		</bndbox>
	</object>
	<object>
		<name>5Krs</name>
		<pose>Unspecified</pose>
		<truncated>0</truncated>
		<difficult>0</difficult>
		<bndbox>
			<xmin>53</xmin>
			<ymin>110</ymin>
			<xmax>132</xmax>
			<ymax>169</ymax>
		</bndbox>
	</object>
	<object>
		<name>5Krs</name>
		<pose>Unspecified</pose>
		<truncated>0</truncated>
		<difficult>0</difficult>
		<bndbox>
			<xmin>177</xmin>
			<ymin>46</ymin>
			<xmax>254</xmax>
			<ymax>103</ymax>
		</bndbox>
	</object>
	<object>
		<name>1Krs</name>
		<pose>Unspecified</pose>
		<truncated>0</truncated>
		<difficult>0</difficult>
		<bndbox>
			<xmin>31</xmin>
			<ymin>60</ymin>
			<xmax>105</xmax>
			<ymax>114</ymax>
		</bndbox>
	</object>
	<object>
		<name>1Krs</name>
		<pose>Unspecified</pose>
		<truncated>1</truncated>
		<difficult>0</difficult>
		<bndbox>
			<xmin>154</xmin>
			<ymin>1</ymin>
			<xmax>229</xmax>
			<ymax>54</ymax>
		</bndbox>
	</object>
</annotation>
