<annotation>
	<folder>turkish_coin_dataset</folder>
	<filename>1kr_jpg.rf.c0769a1a5d7da6be51b860cf26258277.jpg</filename>
	<path>C:\Users\yaznu\OneDrive\Masaüstü\turkish_coin_dataset\1kr_jpg.rf.c0769a1a5d7da6be51b860cf26258277.jpg</path>
	<source>
		<database>Unknown</database>
	</source>
	<size>
		<width>416</width>
		<height>416</height>
		<depth>3</depth>
	</size>
	<segmented>0</segmented>
	<object>
		<name>1Krs</name>
		<pose>Unspecified</pose>
		<truncated>0</truncated>
		<difficult>0</difficult>
		<bndbox>
			<xmin>9</xmin>
			<ymin>12</ymin>
			<xmax>415</xmax>
			<ymax>413</ymax>
		</bndbox>
	</object>
</annotation>
