<annotation>
	<folder>turkish_coin_dataset</folder>
	<filename>1kr_jpg.rf.2b6c47c6429ee1a0d11cbd77abe944d0.jpg</filename>
	<path>C:\Users\yaznu\OneDrive\Masaüstü\turkish_coin_dataset\1kr_jpg.rf.2b6c47c6429ee1a0d11cbd77abe944d0.jpg</path>
	<source>
		<database>Unknown</database>
	</source>
	<size>
		<width>416</width>
		<height>416</height>
		<depth>3</depth>
	</size>
	<segmented>0</segmented>
	<object>
		<name>1Krs</name>
		<pose>Unspecified</pose>
		<truncated>0</truncated>
		<difficult>0</difficult>
		<bndbox>
			<xmin>2</xmin>
			<ymin>7</ymin>
			<xmax>408</xmax>
			<ymax>403</ymax>
		</bndbox>
	</object>
</annotation>
