<annotation>
	<folder>turkish_coin_dataset</folder>
	<filename>1kr_jpg.rf.c43d8c51e37e59045a58611d50013259.jpg</filename>
	<path>C:\Users\yaznu\OneDrive\Masaüstü\turkish_coin_dataset\1kr_jpg.rf.c43d8c51e37e59045a58611d50013259.jpg</path>
	<source>
		<database>Unknown</database>
	</source>
	<size>
		<width>416</width>
		<height>416</height>
		<depth>3</depth>
	</size>
	<segmented>0</segmented>
	<object>
		<name>1Krs</name>
		<pose>Unspecified</pose>
		<truncated>1</truncated>
		<difficult>0</difficult>
		<bndbox>
			<xmin>14</xmin>
			<ymin>6</ymin>
			<xmax>412</xmax>
			<ymax>416</ymax>
		</bndbox>
	</object>
</annotation>
