<annotation>
	<folder>turkish_coin_dataset</folder>
	<filename>1kr_jpg.rf.eaebc76477327e16f01b3e2ecb8e630f.jpg</filename>
	<path>C:\Users\yaznu\OneDrive\Masaüstü\turkish_coin_dataset\1kr_jpg.rf.eaebc76477327e16f01b3e2ecb8e630f.jpg</path>
	<source>
		<database>Unknown</database>
	</source>
	<size>
		<width>416</width>
		<height>416</height>
		<depth>3</depth>
	</size>
	<segmented>0</segmented>
	<object>
		<name>1Krs</name>
		<pose>Unspecified</pose>
		<truncated>1</truncated>
		<difficult>0</difficult>
		<bndbox>
			<xmin>1</xmin>
			<ymin>7</ymin>
			<xmax>411</xmax>
			<ymax>410</ymax>
		</bndbox>
	</object>
</annotation>
