<annotation>
	<folder>turkish_coin_dataset</folder>
	<filename>1kr_jpg.rf.ed19caaf26af5f5045969bd4b1704514.jpg</filename>
	<path>C:\Users\yaznu\OneDrive\Masaüstü\turkish_coin_dataset\1kr_jpg.rf.ed19caaf26af5f5045969bd4b1704514.jpg</path>
	<source>
		<database>Unknown</database>
	</source>
	<size>
		<width>416</width>
		<height>416</height>
		<depth>3</depth>
	</size>
	<segmented>0</segmented>
	<object>
		<name>1Krs</name>
		<pose>Unspecified</pose>
		<truncated>1</truncated>
		<difficult>0</difficult>
		<bndbox>
			<xmin>3</xmin>
			<ymin>10</ymin>
			<xmax>416</xmax>
			<ymax>412</ymax>
		</bndbox>
	</object>
</annotation>
