<annotation>
	<folder>turkish_coin_dataset</folder>
	<filename>1kr_jpg.rf.856390df5ce8f02da99a6f84fb898755.jpg</filename>
	<path>C:\Users\yaznu\OneDrive\Masaüstü\turkish_coin_dataset\1kr_jpg.rf.856390df5ce8f02da99a6f84fb898755.jpg</path>
	<source>
		<database>Unknown</database>
	</source>
	<size>
		<width>416</width>
		<height>416</height>
		<depth>3</depth>
	</size>
	<segmented>0</segmented>
	<object>
		<name>1Krs</name>
		<pose>Unspecified</pose>
		<truncated>0</truncated>
		<difficult>0</difficult>
		<bndbox>
			<xmin>6</xmin>
			<ymin>11</ymin>
			<xmax>410</xmax>
			<ymax>409</ymax>
		</bndbox>
	</object>
</annotation>
