<annotation>
	<folder>turkish_coin_dataset</folder>
	<filename>1kr_jpg.rf.343bd43bd35f778cc92cc475cc3b5093.jpg</filename>
	<path>C:\Users\yaznu\OneDrive\Masaüstü\turkish_coin_dataset\1kr_jpg.rf.343bd43bd35f778cc92cc475cc3b5093.jpg</path>
	<source>
		<database>Unknown</database>
	</source>
	<size>
		<width>416</width>
		<height>416</height>
		<depth>3</depth>
	</size>
	<segmented>0</segmented>
	<object>
		<name>1Krs</name>
		<pose>Unspecified</pose>
		<truncated>1</truncated>
		<difficult>0</difficult>
		<bndbox>
			<xmin>6</xmin>
			<ymin>1</ymin>
			<xmax>399</xmax>
			<ymax>411</ymax>
		</bndbox>
	</object>
</annotation>
