<annotation>
	<folder>turkish_coin_dataset</folder>
	<filename>1kr_jpg.rf.c6e07c371a0a0af31a63654544cb099f.jpg</filename>
	<path>C:\Users\yaznu\OneDrive\Masaüstü\turkish_coin_dataset\1kr_jpg.rf.c6e07c371a0a0af31a63654544cb099f.jpg</path>
	<source>
		<database>Unknown</database>
	</source>
	<size>
		<width>416</width>
		<height>416</height>
		<depth>3</depth>
	</size>
	<segmented>0</segmented>
	<object>
		<name>1Krs</name>
		<pose>Unspecified</pose>
		<truncated>0</truncated>
		<difficult>0</difficult>
		<bndbox>
			<xmin>3</xmin>
			<ymin>6</ymin>
			<xmax>413</xmax>
			<ymax>407</ymax>
		</bndbox>
	</object>
</annotation>
