<annotation>
	<folder>turkish_coin_dataset</folder>
	<filename>1kr_jpg.rf.f410d981058a7e5f5b60788eaac1cfd9.jpg</filename>
	<path>C:\Users\yaznu\OneDrive\Masaüstü\turkish_coin_dataset\1kr_jpg.rf.f410d981058a7e5f5b60788eaac1cfd9.jpg</path>
	<source>
		<database>Unknown</database>
	</source>
	<size>
		<width>416</width>
		<height>416</height>
		<depth>3</depth>
	</size>
	<segmented>0</segmented>
	<object>
		<name>1Krs</name>
		<pose>Unspecified</pose>
		<truncated>1</truncated>
		<difficult>0</difficult>
		<bndbox>
			<xmin>10</xmin>
			<ymin>1</ymin>
			<xmax>415</xmax>
			<ymax>416</ymax>
		</bndbox>
	</object>
</annotation>
