<annotation>
	<folder>turkish_coin_dataset</folder>
	<filename>1kr_jpg.rf.53fc59b949a9743417f327ab8cadd519.jpg</filename>
	<path>C:\Users\yaznu\OneDrive\Masaüstü\turkish_coin_dataset\1kr_jpg.rf.53fc59b949a9743417f327ab8cadd519.jpg</path>
	<source>
		<database>Unknown</database>
	</source>
	<size>
		<width>416</width>
		<height>416</height>
		<depth>3</depth>
	</size>
	<segmented>0</segmented>
	<object>
		<name>1Krs</name>
		<pose>Unspecified</pose>
		<truncated>0</truncated>
		<difficult>0</difficult>
		<bndbox>
			<xmin>6</xmin>
			<ymin>6</ymin>
			<xmax>405</xmax>
			<ymax>411</ymax>
		</bndbox>
	</object>
</annotation>
