<annotation>
	<folder>turkish_coin_dataset</folder>
	<filename>1krr_jpg.rf.5be492f01e0330ec0c4c8924457a70e8.jpg</filename>
	<path>C:\Users\yaznu\OneDrive\Masaüstü\turkish_coin_dataset\1krr_jpg.rf.5be492f01e0330ec0c4c8924457a70e8.jpg</path>
	<source>
		<database>Unknown</database>
	</source>
	<size>
		<width>416</width>
		<height>416</height>
		<depth>3</depth>
	</size>
	<segmented>0</segmented>
	<object>
		<name>1Krs</name>
		<pose>Unspecified</pose>
		<truncated>0</truncated>
		<difficult>0</difficult>
		<bndbox>
			<xmin>4</xmin>
			<ymin>6</ymin>
			<xmax>412</xmax>
			<ymax>409</ymax>
		</bndbox>
	</object>
</annotation>
