<annotation>
	<folder>turkish_coin_dataset</folder>
	<filename>1krr_jpg.rf.e389c6e128a0459d3100d309577ff5eb.jpg</filename>
	<path>C:\Users\yaznu\OneDrive\Masaüstü\turkish_coin_dataset\1krr_jpg.rf.e389c6e128a0459d3100d309577ff5eb.jpg</path>
	<source>
		<database>Unknown</database>
	</source>
	<size>
		<width>416</width>
		<height>416</height>
		<depth>3</depth>
	</size>
	<segmented>0</segmented>
	<object>
		<name>1Krs</name>
		<pose>Unspecified</pose>
		<truncated>0</truncated>
		<difficult>0</difficult>
		<bndbox>
			<xmin>2</xmin>
			<ymin>4</ymin>
			<xmax>397</xmax>
			<ymax>414</ymax>
		</bndbox>
	</object>
</annotation>
