<annotation>
	<folder>turkish_coin_dataset</folder>
	<filename>1krr_jpg.rf.ed713001632ad08dceb4c89e824becc1.jpg</filename>
	<path>C:\Users\yaznu\OneDrive\Masaüstü\turkish_coin_dataset\1krr_jpg.rf.ed713001632ad08dceb4c89e824becc1.jpg</path>
	<source>
		<database>Unknown</database>
	</source>
	<size>
		<width>416</width>
		<height>416</height>
		<depth>3</depth>
	</size>
	<segmented>0</segmented>
	<object>
		<name>1Krs</name>
		<pose>Unspecified</pose>
		<truncated>0</truncated>
		<difficult>0</difficult>
		<bndbox>
			<xmin>14</xmin>
			<ymin>4</ymin>
			<xmax>411</xmax>
			<ymax>400</ymax>
		</bndbox>
	</object>
</annotation>
