<annotation>
	<folder>turkish_coin_dataset</folder>
	<filename>1krr_jpg.rf.caa4ae0075ad1ba49f979d9bfa631132.jpg</filename>
	<path>C:\Users\yaznu\OneDrive\Masaüstü\turkish_coin_dataset\1krr_jpg.rf.caa4ae0075ad1ba49f979d9bfa631132.jpg</path>
	<source>
		<database>Unknown</database>
	</source>
	<size>
		<width>416</width>
		<height>416</height>
		<depth>3</depth>
	</size>
	<segmented>0</segmented>
	<object>
		<name>1Krs</name>
		<pose>Unspecified</pose>
		<truncated>0</truncated>
		<difficult>0</difficult>
		<bndbox>
			<xmin>5</xmin>
			<ymin>10</ymin>
			<xmax>411</xmax>
			<ymax>408</ymax>
		</bndbox>
	</object>
</annotation>
