<annotation>
	<folder>turkish_coin_dataset</folder>
	<filename>1krr_jpg.rf.45469f51f486ee27635c80d5e433538a.jpg</filename>
	<path>C:\Users\yaznu\OneDrive\Masaüstü\turkish_coin_dataset\1krr_jpg.rf.45469f51f486ee27635c80d5e433538a.jpg</path>
	<source>
		<database>Unknown</database>
	</source>
	<size>
		<width>416</width>
		<height>416</height>
		<depth>3</depth>
	</size>
	<segmented>0</segmented>
	<object>
		<name>1Krs</name>
		<pose>Unspecified</pose>
		<truncated>1</truncated>
		<difficult>0</difficult>
		<bndbox>
			<xmin>7</xmin>
			<ymin>1</ymin>
			<xmax>416</xmax>
			<ymax>410</ymax>
		</bndbox>
	</object>
</annotation>
