<annotation>
	<folder>turkish_coin_dataset</folder>
	<filename>1krr_jpg.rf.2c0331bab7da55793bb9bd0a2334a281.jpg</filename>
	<path>C:\Users\yaznu\OneDrive\Masaüstü\turkish_coin_dataset\1krr_jpg.rf.2c0331bab7da55793bb9bd0a2334a281.jpg</path>
	<source>
		<database>Unknown</database>
	</source>
	<size>
		<width>416</width>
		<height>416</height>
		<depth>3</depth>
	</size>
	<segmented>0</segmented>
	<object>
		<name>1Krs</name>
		<pose>Unspecified</pose>
		<truncated>1</truncated>
		<difficult>0</difficult>
		<bndbox>
			<xmin>12</xmin>
			<ymin>3</ymin>
			<xmax>416</xmax>
			<ymax>413</ymax>
		</bndbox>
	</object>
</annotation>
