<annotation>
	<folder>turkish_coin_dataset</folder>
	<filename>1krr_jpg.rf.a8337c602eb5f6137e2c0bf6c2b94805.jpg</filename>
	<path>C:\Users\yaznu\OneDrive\Masaüstü\turkish_coin_dataset\1krr_jpg.rf.a8337c602eb5f6137e2c0bf6c2b94805.jpg</path>
	<source>
		<database>Unknown</database>
	</source>
	<size>
		<width>416</width>
		<height>416</height>
		<depth>3</depth>
	</size>
	<segmented>0</segmented>
	<object>
		<name>1Krs</name>
		<pose>Unspecified</pose>
		<truncated>0</truncated>
		<difficult>0</difficult>
		<bndbox>
			<xmin>3</xmin>
			<ymin>3</ymin>
			<xmax>414</xmax>
			<ymax>413</ymax>
		</bndbox>
	</object>
</annotation>
