<annotation>
	<folder>turkish_coin_dataset</folder>
	<filename>1krr_jpg.rf.053e8a2ee2761f554ed4f186ed857951.jpg</filename>
	<path>C:\Users\yaznu\OneDrive\Masaüstü\turkish_coin_dataset\1krr_jpg.rf.053e8a2ee2761f554ed4f186ed857951.jpg</path>
	<source>
		<database>Unknown</database>
	</source>
	<size>
		<width>416</width>
		<height>416</height>
		<depth>3</depth>
	</size>
	<segmented>0</segmented>
	<object>
		<name>1Krs</name>
		<pose>Unspecified</pose>
		<truncated>1</truncated>
		<difficult>0</difficult>
		<bndbox>
			<xmin>2</xmin>
			<ymin>5</ymin>
			<xmax>415</xmax>
			<ymax>416</ymax>
		</bndbox>
	</object>
</annotation>
