<annotation>
	<folder>turkish_coin_dataset</folder>
	<filename>1tl_jpg.rf.49da7e89b27186490eb72f2dc7893770.jpg</filename>
	<path>C:\Users\yaznu\OneDrive\Masaüstü\turkish_coin_dataset\1tl_jpg.rf.49da7e89b27186490eb72f2dc7893770.jpg</path>
	<source>
		<database>Unknown</database>
	</source>
	<size>
		<width>416</width>
		<height>416</height>
		<depth>3</depth>
	</size>
	<segmented>0</segmented>
	<object>
		<name>1Tl</name>
		<pose>Unspecified</pose>
		<truncated>0</truncated>
		<difficult>0</difficult>
		<bndbox>
			<xmin>48</xmin>
			<ymin>40</ymin>
			<xmax>386</xmax>
			<ymax>359</ymax>
		</bndbox>
	</object>
</annotation>
