<annotation>
	<folder>turkish_coin_dataset</folder>
	<filename>1tl_jpg.rf.565308095ade6ce231be2c5904e6b2a1.jpg</filename>
	<path>C:\Users\yaznu\OneDrive\Masaüstü\turkish_coin_dataset\1tl_jpg.rf.565308095ade6ce231be2c5904e6b2a1.jpg</path>
	<source>
		<database>Unknown</database>
	</source>
	<size>
		<width>416</width>
		<height>416</height>
		<depth>3</depth>
	</size>
	<segmented>0</segmented>
	<object>
		<name>1Tl</name>
		<pose>Unspecified</pose>
		<truncated>0</truncated>
		<difficult>0</difficult>
		<bndbox>
			<xmin>42</xmin>
			<ymin>38</ymin>
			<xmax>377</xmax>
			<ymax>377</ymax>
		</bndbox>
	</object>
</annotation>
