<annotation>
	<folder>turkish_coin_dataset</folder>
	<filename>1tl_jpg.rf.4e77cbace66e62a0751e04be4ee211b6.jpg</filename>
	<path>C:\Users\yaznu\OneDrive\Masaüstü\turkish_coin_dataset\1tl_jpg.rf.4e77cbace66e62a0751e04be4ee211b6.jpg</path>
	<source>
		<database>Unknown</database>
	</source>
	<size>
		<width>416</width>
		<height>416</height>
		<depth>3</depth>
	</size>
	<segmented>0</segmented>
	<object>
		<name>1Tl</name>
		<pose>Unspecified</pose>
		<truncated>0</truncated>
		<difficult>0</difficult>
		<bndbox>
			<xmin>37</xmin>
			<ymin>44</ymin>
			<xmax>372</xmax>
			<ymax>370</ymax>
		</bndbox>
	</object>
</annotation>
