<annotation>
	<folder>turkish_coin_dataset</folder>
	<filename>1tl_jpg.rf.3b54a68ecb0dcce3bd46d5ba2be40e3e.jpg</filename>
	<path>C:\Users\yaznu\OneDrive\Masaüstü\turkish_coin_dataset\1tl_jpg.rf.3b54a68ecb0dcce3bd46d5ba2be40e3e.jpg</path>
	<source>
		<database>Unknown</database>
	</source>
	<size>
		<width>416</width>
		<height>416</height>
		<depth>3</depth>
	</size>
	<segmented>0</segmented>
	<object>
		<name>1Tl</name>
		<pose>Unspecified</pose>
		<truncated>0</truncated>
		<difficult>0</difficult>
		<bndbox>
			<xmin>48</xmin>
			<ymin>43</ymin>
			<xmax>375</xmax>
			<ymax>375</ymax>
		</bndbox>
	</object>
</annotation>
