<annotation>
	<folder>turkish_coin_dataset</folder>
	<filename>1tl_jpg.rf.b8ff84d2b10b75cfd64cbb8d5a4bb16f.jpg</filename>
	<path>C:\Users\yaznu\OneDrive\Masaüstü\turkish_coin_dataset\1tl_jpg.rf.b8ff84d2b10b75cfd64cbb8d5a4bb16f.jpg</path>
	<source>
		<database>Unknown</database>
	</source>
	<size>
		<width>416</width>
		<height>416</height>
		<depth>3</depth>
	</size>
	<segmented>0</segmented>
	<object>
		<name>1Tl</name>
		<pose>Unspecified</pose>
		<truncated>0</truncated>
		<difficult>0</difficult>
		<bndbox>
			<xmin>33</xmin>
			<ymin>31</ymin>
			<xmax>385</xmax>
			<ymax>381</ymax>
		</bndbox>
	</object>
</annotation>
