<annotation>
	<folder>turkish_coin_dataset</folder>
	<filename>1tl_jpg.rf.7ab616b5b3e20c852cfef035007411cd.jpg</filename>
	<path>C:\Users\yaznu\OneDrive\Masaüstü\turkish_coin_dataset\1tl_jpg.rf.7ab616b5b3e20c852cfef035007411cd.jpg</path>
	<source>
		<database>Unknown</database>
	</source>
	<size>
		<width>416</width>
		<height>416</height>
		<depth>3</depth>
	</size>
	<segmented>0</segmented>
	<object>
		<name>1Tl</name>
		<pose>Unspecified</pose>
		<truncated>0</truncated>
		<difficult>0</difficult>
		<bndbox>
			<xmin>52</xmin>
			<ymin>45</ymin>
			<xmax>382</xmax>
			<ymax>374</ymax>
		</bndbox>
	</object>
</annotation>
