<annotation>
	<folder>turkish_coin_dataset</folder>
	<filename>1tl_jpg.rf.044fb6396522f856e5bdf85d20b6e950.jpg</filename>
	<path>C:\Users\yaznu\OneDrive\Masaüstü\turkish_coin_dataset\1tl_jpg.rf.044fb6396522f856e5bdf85d20b6e950.jpg</path>
	<source>
		<database>Unknown</database>
	</source>
	<size>
		<width>416</width>
		<height>416</height>
		<depth>3</depth>
	</size>
	<segmented>0</segmented>
	<object>
		<name>1Tl</name>
		<pose>Unspecified</pose>
		<truncated>0</truncated>
		<difficult>0</difficult>
		<bndbox>
			<xmin>47</xmin>
			<ymin>51</ymin>
			<xmax>364</xmax>
			<ymax>363</ymax>
		</bndbox>
	</object>
</annotation>
