<annotation>
	<folder>turkish_coin_dataset</folder>
	<filename>1tl_jpg.rf.245f6ea1e42f2efecba9b6291982aec2.jpg</filename>
	<path>C:\Users\yaznu\OneDrive\Masaüstü\turkish_coin_dataset\1tl_jpg.rf.245f6ea1e42f2efecba9b6291982aec2.jpg</path>
	<source>
		<database>Unknown</database>
	</source>
	<size>
		<width>416</width>
		<height>416</height>
		<depth>3</depth>
	</size>
	<segmented>0</segmented>
	<object>
		<name>1Tl</name>
		<pose>Unspecified</pose>
		<truncated>0</truncated>
		<difficult>0</difficult>
		<bndbox>
			<xmin>46</xmin>
			<ymin>41</ymin>
			<xmax>375</xmax>
			<ymax>381</ymax>
		</bndbox>
	</object>
</annotation>
