<annotation>
	<folder>turkish_coin_dataset</folder>
	<filename>1tl_jpg.rf.3f27cc19e1342e39b092144ffe58c1fc.jpg</filename>
	<path>C:\Users\yaznu\OneDrive\Masaüstü\turkish_coin_dataset\1tl_jpg.rf.3f27cc19e1342e39b092144ffe58c1fc.jpg</path>
	<source>
		<database>Unknown</database>
	</source>
	<size>
		<width>416</width>
		<height>416</height>
		<depth>3</depth>
	</size>
	<segmented>0</segmented>
	<object>
		<name>1Tl</name>
		<pose>Unspecified</pose>
		<truncated>0</truncated>
		<difficult>0</difficult>
		<bndbox>
			<xmin>39</xmin>
			<ymin>46</ymin>
			<xmax>381</xmax>
			<ymax>371</ymax>
		</bndbox>
	</object>
</annotation>
