<annotation>
	<folder>turkish_coin_dataset</folder>
	<filename>1tl_jpg.rf.6061115a568b8136a547455e198d7898.jpg</filename>
	<path>C:\Users\yaznu\OneDrive\Masaüstü\turkish_coin_dataset\1tl_jpg.rf.6061115a568b8136a547455e198d7898.jpg</path>
	<source>
		<database>Unknown</database>
	</source>
	<size>
		<width>416</width>
		<height>416</height>
		<depth>3</depth>
	</size>
	<segmented>0</segmented>
	<object>
		<name>1Tl</name>
		<pose>Unspecified</pose>
		<truncated>0</truncated>
		<difficult>0</difficult>
		<bndbox>
			<xmin>47</xmin>
			<ymin>39</ymin>
			<xmax>376</xmax>
			<ymax>372</ymax>
		</bndbox>
	</object>
</annotation>
