<annotation>
	<folder>turkish_coin_dataset</folder>
	<filename>1tl_jpg.rf.da6ef13d963921f35152eed0984d3aec.jpg</filename>
	<path>C:\Users\yaznu\OneDrive\Masaüstü\turkish_coin_dataset\1tl_jpg.rf.da6ef13d963921f35152eed0984d3aec.jpg</path>
	<source>
		<database>Unknown</database>
	</source>
	<size>
		<width>416</width>
		<height>416</height>
		<depth>3</depth>
	</size>
	<segmented>0</segmented>
	<object>
		<name>1Tl</name>
		<pose>Unspecified</pose>
		<truncated>0</truncated>
		<difficult>0</difficult>
		<bndbox>
			<xmin>50</xmin>
			<ymin>46</ymin>
			<xmax>399</xmax>
			<ymax>379</ymax>
		</bndbox>
	</object>
</annotation>
