<annotation>
	<folder>turkish_coin_dataset</folder>
	<filename>1tll_jpg.rf.8cf8e5a9a07acaabea68345bb586369b.jpg</filename>
	<path>C:\Users\yaznu\OneDrive\Masaüstü\turkish_coin_dataset\1tll_jpg.rf.8cf8e5a9a07acaabea68345bb586369b.jpg</path>
	<source>
		<database>Unknown</database>
	</source>
	<size>
		<width>416</width>
		<height>416</height>
		<depth>3</depth>
	</size>
	<segmented>0</segmented>
	<object>
		<name>1Tl</name>
		<pose>Unspecified</pose>
		<truncated>0</truncated>
		<difficult>0</difficult>
		<bndbox>
			<xmin>10</xmin>
			<ymin>9</ymin>
			<xmax>402</xmax>
			<ymax>402</ymax>
		</bndbox>
	</object>
</annotation>
