<annotation>
	<folder>turkish_coin_dataset</folder>
	<filename>1tll_jpg.rf.fb8d775095a0463a668e7925267a506a.jpg</filename>
	<path>C:\Users\yaznu\OneDrive\Masaüstü\turkish_coin_dataset\1tll_jpg.rf.fb8d775095a0463a668e7925267a506a.jpg</path>
	<source>
		<database>Unknown</database>
	</source>
	<size>
		<width>416</width>
		<height>416</height>
		<depth>3</depth>
	</size>
	<segmented>0</segmented>
	<object>
		<name>1Tl</name>
		<pose>Unspecified</pose>
		<truncated>1</truncated>
		<difficult>0</difficult>
		<bndbox>
			<xmin>8</xmin>
			<ymin>5</ymin>
			<xmax>416</xmax>
			<ymax>415</ymax>
		</bndbox>
	</object>
</annotation>
