<annotation>
	<folder>turkish_coin_dataset</folder>
	<filename>1tll_jpg.rf.bda3bd21c169e6c6d2d0d485dc3b20f5.jpg</filename>
	<path>C:\Users\yaznu\OneDrive\Masaüstü\turkish_coin_dataset\1tll_jpg.rf.bda3bd21c169e6c6d2d0d485dc3b20f5.jpg</path>
	<source>
		<database>Unknown</database>
	</source>
	<size>
		<width>416</width>
		<height>416</height>
		<depth>3</depth>
	</size>
	<segmented>0</segmented>
	<object>
		<name>1Tl</name>
		<pose>Unspecified</pose>
		<truncated>0</truncated>
		<difficult>0</difficult>
		<bndbox>
			<xmin>2</xmin>
			<ymin>13</ymin>
			<xmax>410</xmax>
			<ymax>400</ymax>
		</bndbox>
	</object>
</annotation>
