<annotation>
	<folder>turkish_coin_dataset</folder>
	<filename>1tll_jpg.rf.85c4d7ea9caf2abc296c45c734070d10.jpg</filename>
	<path>C:\Users\yaznu\OneDrive\Masaüstü\turkish_coin_dataset\1tll_jpg.rf.85c4d7ea9caf2abc296c45c734070d10.jpg</path>
	<source>
		<database>Unknown</database>
	</source>
	<size>
		<width>416</width>
		<height>416</height>
		<depth>3</depth>
	</size>
	<segmented>0</segmented>
	<object>
		<name>1Tl</name>
		<pose>Unspecified</pose>
		<truncated>0</truncated>
		<difficult>0</difficult>
		<bndbox>
			<xmin>11</xmin>
			<ymin>8</ymin>
			<xmax>405</xmax>
			<ymax>393</ymax>
		</bndbox>
	</object>
</annotation>
