<annotation>
	<folder>turkish_coin_dataset</folder>
	<filename>1tll_jpg.rf.efb471eff8b4ca729e437d2f2a4edb3d.jpg</filename>
	<path>C:\Users\yaznu\OneDrive\Masaüstü\turkish_coin_dataset\1tll_jpg.rf.efb471eff8b4ca729e437d2f2a4edb3d.jpg</path>
	<source>
		<database>Unknown</database>
	</source>
	<size>
		<width>416</width>
		<height>416</height>
		<depth>3</depth>
	</size>
	<segmented>0</segmented>
	<object>
		<name>1Tl</name>
		<pose>Unspecified</pose>
		<truncated>0</truncated>
		<difficult>0</difficult>
		<bndbox>
			<xmin>8</xmin>
			<ymin>7</ymin>
			<xmax>410</xmax>
			<ymax>407</ymax>
		</bndbox>
	</object>
</annotation>
