<annotation>
	<folder>turkish_coin_dataset</folder>
	<filename>1tll_jpg.rf.54a244979bc6a2fa31de223a1c8c9fd0.jpg</filename>
	<path>C:\Users\yaznu\OneDrive\Masaüstü\turkish_coin_dataset\1tll_jpg.rf.54a244979bc6a2fa31de223a1c8c9fd0.jpg</path>
	<source>
		<database>Unknown</database>
	</source>
	<size>
		<width>416</width>
		<height>416</height>
		<depth>3</depth>
	</size>
	<segmented>0</segmented>
	<object>
		<name>1Tl</name>
		<pose>Unspecified</pose>
		<truncated>0</truncated>
		<difficult>0</difficult>
		<bndbox>
			<xmin>4</xmin>
			<ymin>3</ymin>
			<xmax>404</xmax>
			<ymax>405</ymax>
		</bndbox>
	</object>
</annotation>
