<annotation>
	<folder>turkish_coin_dataset</folder>
	<filename>1tll_jpg.rf.fcc73c959bebf705f572becf3597ac8f.jpg</filename>
	<path>C:\Users\yaznu\OneDrive\Masaüstü\turkish_coin_dataset\1tll_jpg.rf.fcc73c959bebf705f572becf3597ac8f.jpg</path>
	<source>
		<database>Unknown</database>
	</source>
	<size>
		<width>416</width>
		<height>416</height>
		<depth>3</depth>
	</size>
	<segmented>0</segmented>
	<object>
		<name>1Tl</name>
		<pose>Unspecified</pose>
		<truncated>1</truncated>
		<difficult>0</difficult>
		<bndbox>
			<xmin>9</xmin>
			<ymin>5</ymin>
			<xmax>405</xmax>
			<ymax>416</ymax>
		</bndbox>
	</object>
</annotation>
