<annotation>
	<folder>turkish_coin_dataset</folder>
	<filename>1tll_jpg.rf.9eb3f01b89a7be8339ff9666239c14a3.jpg</filename>
	<path>C:\Users\yaznu\OneDrive\Masaüstü\turkish_coin_dataset\1tll_jpg.rf.9eb3f01b89a7be8339ff9666239c14a3.jpg</path>
	<source>
		<database>Unknown</database>
	</source>
	<size>
		<width>416</width>
		<height>416</height>
		<depth>3</depth>
	</size>
	<segmented>0</segmented>
	<object>
		<name>1Tl</name>
		<pose>Unspecified</pose>
		<truncated>1</truncated>
		<difficult>0</difficult>
		<bndbox>
			<xmin>7</xmin>
			<ymin>7</ymin>
			<xmax>416</xmax>
			<ymax>409</ymax>
		</bndbox>
	</object>
</annotation>
