<annotation>
	<folder>turkish_coin_dataset</folder>
	<filename>1tll_jpg.rf.fa8b875f48b93ff0cdb09a9eb1d40c59.jpg</filename>
	<path>C:\Users\yaznu\OneDrive\Masaüstü\turkish_coin_dataset\1tll_jpg.rf.fa8b875f48b93ff0cdb09a9eb1d40c59.jpg</path>
	<source>
		<database>Unknown</database>
	</source>
	<size>
		<width>416</width>
		<height>416</height>
		<depth>3</depth>
	</size>
	<segmented>0</segmented>
	<object>
		<name>1Tl</name>
		<pose>Unspecified</pose>
		<truncated>1</truncated>
		<difficult>0</difficult>
		<bndbox>
			<xmin>7</xmin>
			<ymin>1</ymin>
			<xmax>410</xmax>
			<ymax>410</ymax>
		</bndbox>
	</object>
</annotation>
