<annotation>
	<folder>turkish_coin_dataset</folder>
	<filename>1tll_jpg.rf.425b69240485fd8d78d810ce4cc78717.jpg</filename>
	<path>C:\Users\yaznu\OneDrive\Masaüstü\turkish_coin_dataset\1tll_jpg.rf.425b69240485fd8d78d810ce4cc78717.jpg</path>
	<source>
		<database>Unknown</database>
	</source>
	<size>
		<width>416</width>
		<height>416</height>
		<depth>3</depth>
	</size>
	<segmented>0</segmented>
	<object>
		<name>1Tl</name>
		<pose>Unspecified</pose>
		<truncated>1</truncated>
		<difficult>0</difficult>
		<bndbox>
			<xmin>4</xmin>
			<ymin>7</ymin>
			<xmax>405</xmax>
			<ymax>416</ymax>
		</bndbox>
	</object>
</annotation>
