<annotation>
	<folder>turkish_coin_dataset</folder>
	<filename>25krr_jpg.rf.a991ddefebaf318dd7ab56f400d2d1e8.jpg</filename>
	<path>C:\Users\yaznu\OneDrive\Masaüstü\turkish_coin_dataset\25krr_jpg.rf.a991ddefebaf318dd7ab56f400d2d1e8.jpg</path>
	<source>
		<database>Unknown</database>
	</source>
	<size>
		<width>416</width>
		<height>416</height>
		<depth>3</depth>
	</size>
	<segmented>0</segmented>
	<object>
		<name>25Krs</name>
		<pose>Unspecified</pose>
		<truncated>0</truncated>
		<difficult>0</difficult>
		<bndbox>
			<xmin>7</xmin>
			<ymin>4</ymin>
			<xmax>408</xmax>
			<ymax>411</ymax>
		</bndbox>
	</object>
</annotation>
