<annotation>
	<folder>turkish_coin_dataset</folder>
	<filename>25krr_jpg.rf.9dded676a87f18478370a1c747921bcf.jpg</filename>
	<path>C:\Users\yaznu\OneDrive\Masaüstü\turkish_coin_dataset\25krr_jpg.rf.9dded676a87f18478370a1c747921bcf.jpg</path>
	<source>
		<database>Unknown</database>
	</source>
	<size>
		<width>416</width>
		<height>416</height>
		<depth>3</depth>
	</size>
	<segmented>0</segmented>
	<object>
		<name>25Krs</name>
		<pose>Unspecified</pose>
		<truncated>0</truncated>
		<difficult>0</difficult>
		<bndbox>
			<xmin>14</xmin>
			<ymin>9</ymin>
			<xmax>405</xmax>
			<ymax>403</ymax>
		</bndbox>
	</object>
</annotation>
