<annotation>
	<folder>turkish_coin_dataset</folder>
	<filename>25kr_jpg.rf.747bd50c657210d7a5ec9b55e37c56bc.jpg</filename>
	<path>C:\Users\yaznu\OneDrive\Masaüstü\turkish_coin_dataset\25kr_jpg.rf.747bd50c657210d7a5ec9b55e37c56bc.jpg</path>
	<source>
		<database>Unknown</database>
	</source>
	<size>
		<width>416</width>
		<height>416</height>
		<depth>3</depth>
	</size>
	<segmented>0</segmented>
	<object>
		<name>25Krs</name>
		<pose>Unspecified</pose>
		<truncated>0</truncated>
		<difficult>0</difficult>
		<bndbox>
			<xmin>8</xmin>
			<ymin>6</ymin>
			<xmax>405</xmax>
			<ymax>409</ymax>
		</bndbox>
	</object>
</annotation>
