<annotation>
	<folder>turkish_coin_dataset</folder>
	<filename>25kr_jpg.rf.7b82b57022677eeb53b785151e8aa689.jpg</filename>
	<path>C:\Users\yaznu\OneDrive\Masaüstü\turkish_coin_dataset\25kr_jpg.rf.7b82b57022677eeb53b785151e8aa689.jpg</path>
	<source>
		<database>Unknown</database>
	</source>
	<size>
		<width>416</width>
		<height>416</height>
		<depth>3</depth>
	</size>
	<segmented>0</segmented>
	<object>
		<name>25Krs</name>
		<pose>Unspecified</pose>
		<truncated>1</truncated>
		<difficult>0</difficult>
		<bndbox>
			<xmin>9</xmin>
			<ymin>1</ymin>
			<xmax>407</xmax>
			<ymax>409</ymax>
		</bndbox>
	</object>
</annotation>
