<annotation>
	<folder>turkish_coin_dataset</folder>
	<filename>25kr_jpg.rf.12dd31c8b6bab3c13805803cdb401ccf.jpg</filename>
	<path>C:\Users\yaznu\OneDrive\Masaüstü\turkish_coin_dataset\25kr_jpg.rf.12dd31c8b6bab3c13805803cdb401ccf.jpg</path>
	<source>
		<database>Unknown</database>
	</source>
	<size>
		<width>416</width>
		<height>416</height>
		<depth>3</depth>
	</size>
	<segmented>0</segmented>
	<object>
		<name>25Krs</name>
		<pose>Unspecified</pose>
		<truncated>0</truncated>
		<difficult>0</difficult>
		<bndbox>
			<xmin>7</xmin>
			<ymin>9</ymin>
			<xmax>412</xmax>
			<ymax>411</ymax>
		</bndbox>
	</object>
</annotation>
