<annotation>
	<folder>turkish_coin_dataset</folder>
	<filename>25krr_jpg.rf.9562a2703a694a871d39cd5eb2d2f9b6.jpg</filename>
	<path>C:\Users\yaznu\OneDrive\Masaüstü\turkish_coin_dataset\25krr_jpg.rf.9562a2703a694a871d39cd5eb2d2f9b6.jpg</path>
	<source>
		<database>Unknown</database>
	</source>
	<size>
		<width>416</width>
		<height>416</height>
		<depth>3</depth>
	</size>
	<segmented>0</segmented>
	<object>
		<name>25Krs</name>
		<pose>Unspecified</pose>
		<truncated>1</truncated>
		<difficult>0</difficult>
		<bndbox>
			<xmin>9</xmin>
			<ymin>6</ymin>
			<xmax>410</xmax>
			<ymax>416</ymax>
		</bndbox>
	</object>
</annotation>
