<annotation>
	<folder>turkish_coin_dataset</folder>
	<filename>25kr_jpg.rf.fe85a56425eb82d00dc894a26084099f.jpg</filename>
	<path>C:\Users\yaznu\OneDrive\Masaüstü\turkish_coin_dataset\25kr_jpg.rf.fe85a56425eb82d00dc894a26084099f.jpg</path>
	<source>
		<database>Unknown</database>
	</source>
	<size>
		<width>416</width>
		<height>416</height>
		<depth>3</depth>
	</size>
	<segmented>0</segmented>
	<object>
		<name>25Krs</name>
		<pose>Unspecified</pose>
		<truncated>0</truncated>
		<difficult>0</difficult>
		<bndbox>
			<xmin>3</xmin>
			<ymin>14</ymin>
			<xmax>413</xmax>
			<ymax>404</ymax>
		</bndbox>
	</object>
</annotation>
