<annotation>
	<folder>turkish_coin_dataset</folder>
	<filename>25kr_jpg.rf.3d9f26f1c3b77a1f60e64ce506958776.jpg</filename>
	<path>C:\Users\yaznu\OneDrive\Masaüstü\turkish_coin_dataset\25kr_jpg.rf.3d9f26f1c3b77a1f60e64ce506958776.jpg</path>
	<source>
		<database>Unknown</database>
	</source>
	<size>
		<width>416</width>
		<height>416</height>
		<depth>3</depth>
	</size>
	<segmented>0</segmented>
	<object>
		<name>25Krs</name>
		<pose>Unspecified</pose>
		<truncated>1</truncated>
		<difficult>0</difficult>
		<bndbox>
			<xmin>5</xmin>
			<ymin>5</ymin>
			<xmax>400</xmax>
			<ymax>416</ymax>
		</bndbox>
	</object>
</annotation>
