<annotation>
	<folder>turkish_coin_dataset</folder>
	<filename>25krr_jpg.rf.465e469182d6c7a3663563ad1bd2dbb5.jpg</filename>
	<path>C:\Users\yaznu\OneDrive\Masaüstü\turkish_coin_dataset\25krr_jpg.rf.465e469182d6c7a3663563ad1bd2dbb5.jpg</path>
	<source>
		<database>Unknown</database>
	</source>
	<size>
		<width>416</width>
		<height>416</height>
		<depth>3</depth>
	</size>
	<segmented>0</segmented>
	<object>
		<name>25Krs</name>
		<pose>Unspecified</pose>
		<truncated>0</truncated>
		<difficult>0</difficult>
		<bndbox>
			<xmin>17</xmin>
			<ymin>4</ymin>
			<xmax>411</xmax>
			<ymax>408</ymax>
		</bndbox>
	</object>
</annotation>
