<annotation>
	<folder>turkish_coin_dataset</folder>
	<filename>25kr_jpg.rf.862eeef8c40c5d87f0f65b509b8c7378.jpg</filename>
	<path>C:\Users\yaznu\OneDrive\Masaüstü\turkish_coin_dataset\25kr_jpg.rf.862eeef8c40c5d87f0f65b509b8c7378.jpg</path>
	<source>
		<database>Unknown</database>
	</source>
	<size>
		<width>416</width>
		<height>416</height>
		<depth>3</depth>
	</size>
	<segmented>0</segmented>
	<object>
		<name>25Krs</name>
		<pose>Unspecified</pose>
		<truncated>0</truncated>
		<difficult>0</difficult>
		<bndbox>
			<xmin>8</xmin>
			<ymin>3</ymin>
			<xmax>409</xmax>
			<ymax>411</ymax>
		</bndbox>
	</object>
</annotation>
