<annotation>
	<folder>turkish_coin_dataset</folder>
	<filename>25krr_jpg.rf.5a12528f38e1fbded5ada4caf919fc89.jpg</filename>
	<path>C:\Users\yaznu\OneDrive\Masaüstü\turkish_coin_dataset\25krr_jpg.rf.5a12528f38e1fbded5ada4caf919fc89.jpg</path>
	<source>
		<database>Unknown</database>
	</source>
	<size>
		<width>416</width>
		<height>416</height>
		<depth>3</depth>
	</size>
	<segmented>0</segmented>
	<object>
		<name>25Krs</name>
		<pose>Unspecified</pose>
		<truncated>1</truncated>
		<difficult>0</difficult>
		<bndbox>
			<xmin>4</xmin>
			<ymin>1</ymin>
			<xmax>416</xmax>
			<ymax>402</ymax>
		</bndbox>
	</object>
</annotation>
