<annotation>
	<folder>turkish_coin_dataset</folder>
	<filename>25kr_jpg.rf.e2e925fe62f841fe52940251ec3251a3.jpg</filename>
	<path>C:\Users\yaznu\OneDrive\Masaüstü\turkish_coin_dataset\25kr_jpg.rf.e2e925fe62f841fe52940251ec3251a3.jpg</path>
	<source>
		<database>Unknown</database>
	</source>
	<size>
		<width>416</width>
		<height>416</height>
		<depth>3</depth>
	</size>
	<segmented>0</segmented>
	<object>
		<name>25Krs</name>
		<pose>Unspecified</pose>
		<truncated>1</truncated>
		<difficult>0</difficult>
		<bndbox>
			<xmin>7</xmin>
			<ymin>12</ymin>
			<xmax>408</xmax>
			<ymax>416</ymax>
		</bndbox>
	</object>
</annotation>
