<annotation>
	<folder>turkish_coin_dataset</folder>
	<filename>25krr_jpg.rf.ada2a5dd85a323be95c8a767245845dd.jpg</filename>
	<path>C:\Users\yaznu\OneDrive\Masaüstü\turkish_coin_dataset\25krr_jpg.rf.ada2a5dd85a323be95c8a767245845dd.jpg</path>
	<source>
		<database>Unknown</database>
	</source>
	<size>
		<width>416</width>
		<height>416</height>
		<depth>3</depth>
	</size>
	<segmented>0</segmented>
	<object>
		<name>25Krs</name>
		<pose>Unspecified</pose>
		<truncated>0</truncated>
		<difficult>0</difficult>
		<bndbox>
			<xmin>18</xmin>
			<ymin>7</ymin>
			<xmax>403</xmax>
			<ymax>408</ymax>
		</bndbox>
	</object>
</annotation>
