<annotation>
	<folder>turkish_coin_dataset</folder>
	<filename>25kr_jpg.rf.f5c11528fffda90e1189fbc6269d48c8.jpg</filename>
	<path>C:\Users\yaznu\OneDrive\Masaüstü\turkish_coin_dataset\25kr_jpg.rf.f5c11528fffda90e1189fbc6269d48c8.jpg</path>
	<source>
		<database>Unknown</database>
	</source>
	<size>
		<width>416</width>
		<height>416</height>
		<depth>3</depth>
	</size>
	<segmented>0</segmented>
	<object>
		<name>25Krs</name>
		<pose>Unspecified</pose>
		<truncated>1</truncated>
		<difficult>0</difficult>
		<bndbox>
			<xmin>13</xmin>
			<ymin>4</ymin>
			<xmax>416</xmax>
			<ymax>410</ymax>
		</bndbox>
	</object>
</annotation>
