<annotation>
	<folder>turkish_coin_dataset</folder>
	<filename>25krr_jpg.rf.9fb24668fd41a377aa8dd459547bce9b.jpg</filename>
	<path>C:\Users\yaznu\OneDrive\Masaüstü\turkish_coin_dataset\25krr_jpg.rf.9fb24668fd41a377aa8dd459547bce9b.jpg</path>
	<source>
		<database>Unknown</database>
	</source>
	<size>
		<width>416</width>
		<height>416</height>
		<depth>3</depth>
	</size>
	<segmented>0</segmented>
	<object>
		<name>25Krs</name>
		<pose>Unspecified</pose>
		<truncated>1</truncated>
		<difficult>0</difficult>
		<bndbox>
			<xmin>1</xmin>
			<ymin>8</ymin>
			<xmax>412</xmax>
			<ymax>416</ymax>
		</bndbox>
	</object>
</annotation>
