<annotation>
	<folder>turkish_coin_dataset</folder>
	<filename>25kr_jpg.rf.2ffd7ce54d11fbb05336f3f1f3867c97.jpg</filename>
	<path>C:\Users\yaznu\OneDrive\Masaüstü\turkish_coin_dataset\25kr_jpg.rf.2ffd7ce54d11fbb05336f3f1f3867c97.jpg</path>
	<source>
		<database>Unknown</database>
	</source>
	<size>
		<width>416</width>
		<height>416</height>
		<depth>3</depth>
	</size>
	<segmented>0</segmented>
	<object>
		<name>25Krs</name>
		<pose>Unspecified</pose>
		<truncated>1</truncated>
		<difficult>0</difficult>
		<bndbox>
			<xmin>1</xmin>
			<ymin>12</ymin>
			<xmax>415</xmax>
			<ymax>416</ymax>
		</bndbox>
	</object>
</annotation>
