<annotation>
	<folder>turkish_coin_dataset</folder>
	<filename>25krr_jpg.rf.2006b4162e92da2f1d798baf139572cf.jpg</filename>
	<path>C:\Users\yaznu\OneDrive\Masaüstü\turkish_coin_dataset\25krr_jpg.rf.2006b4162e92da2f1d798baf139572cf.jpg</path>
	<source>
		<database>Unknown</database>
	</source>
	<size>
		<width>416</width>
		<height>416</height>
		<depth>3</depth>
	</size>
	<segmented>0</segmented>
	<object>
		<name>25Krs</name>
		<pose>Unspecified</pose>
		<truncated>0</truncated>
		<difficult>0</difficult>
		<bndbox>
			<xmin>8</xmin>
			<ymin>8</ymin>
			<xmax>409</xmax>
			<ymax>403</ymax>
		</bndbox>
	</object>
</annotation>
