<annotation>
	<folder>turkish_coin_dataset</folder>
	<filename>25krr_jpg.rf.fb68de2e6123be4e9a6f7e59d44dd53c.jpg</filename>
	<path>C:\Users\yaznu\OneDrive\Masaüstü\turkish_coin_dataset\25krr_jpg.rf.fb68de2e6123be4e9a6f7e59d44dd53c.jpg</path>
	<source>
		<database>Unknown</database>
	</source>
	<size>
		<width>416</width>
		<height>416</height>
		<depth>3</depth>
	</size>
	<segmented>0</segmented>
	<object>
		<name>25Krs</name>
		<pose>Unspecified</pose>
		<truncated>0</truncated>
		<difficult>0</difficult>
		<bndbox>
			<xmin>8</xmin>
			<ymin>6</ymin>
			<xmax>403</xmax>
			<ymax>401</ymax>
		</bndbox>
	</object>
</annotation>
