<annotation>
	<folder>turkish_coin_dataset</folder>
	<filename>25kr_jpg.rf.867746f8314ac149f2a5e643752f8a30.jpg</filename>
	<path>C:\Users\yaznu\OneDrive\Masaüstü\turkish_coin_dataset\25kr_jpg.rf.867746f8314ac149f2a5e643752f8a30.jpg</path>
	<source>
		<database>Unknown</database>
	</source>
	<size>
		<width>416</width>
		<height>416</height>
		<depth>3</depth>
	</size>
	<segmented>0</segmented>
	<object>
		<name>25Krs</name>
		<pose>Unspecified</pose>
		<truncated>0</truncated>
		<difficult>0</difficult>
		<bndbox>
			<xmin>20</xmin>
			<ymin>3</ymin>
			<xmax>402</xmax>
			<ymax>413</ymax>
		</bndbox>
	</object>
</annotation>
