<annotation>
	<folder>turkish_coin_dataset</folder>
	<filename>25kr_jpg.rf.8b9336a7363784938bd865c26e65a698.jpg</filename>
	<path>C:\Users\yaznu\OneDrive\Masaüstü\turkish_coin_dataset\25kr_jpg.rf.8b9336a7363784938bd865c26e65a698.jpg</path>
	<source>
		<database>Unknown</database>
	</source>
	<size>
		<width>416</width>
		<height>416</height>
		<depth>3</depth>
	</size>
	<segmented>0</segmented>
	<object>
		<name>25Krs</name>
		<pose>Unspecified</pose>
		<truncated>0</truncated>
		<difficult>0</difficult>
		<bndbox>
			<xmin>7</xmin>
			<ymin>7</ymin>
			<xmax>412</xmax>
			<ymax>411</ymax>
		</bndbox>
	</object>
</annotation>
