<annotation>
	<folder>turkish_coin_dataset</folder>
	<filename>25krr_jpg.rf.8fa28da8dcbe62cf53fd7c35a06d3323.jpg</filename>
	<path>C:\Users\yaznu\OneDrive\Masaüstü\turkish_coin_dataset\25krr_jpg.rf.8fa28da8dcbe62cf53fd7c35a06d3323.jpg</path>
	<source>
		<database>Unknown</database>
	</source>
	<size>
		<width>416</width>
		<height>416</height>
		<depth>3</depth>
	</size>
	<segmented>0</segmented>
	<object>
		<name>25Krs</name>
		<pose>Unspecified</pose>
		<truncated>1</truncated>
		<difficult>0</difficult>
		<bndbox>
			<xmin>3</xmin>
			<ymin>2</ymin>
			<xmax>414</xmax>
			<ymax>416</ymax>
		</bndbox>
	</object>
</annotation>
