<annotation>
	<folder>turkish_coin_dataset</folder>
	<filename>50kr_jpg.rf.34612bfd2fd311efa501ff25d9c7abd0.jpg</filename>
	<path>C:\Users\yaznu\OneDrive\Masaüstü\turkish_coin_dataset\50kr_jpg.rf.34612bfd2fd311efa501ff25d9c7abd0.jpg</path>
	<source>
		<database>Unknown</database>
	</source>
	<size>
		<width>416</width>
		<height>416</height>
		<depth>3</depth>
	</size>
	<segmented>0</segmented>
	<object>
		<name>50Krs</name>
		<pose>Unspecified</pose>
		<truncated>1</truncated>
		<difficult>0</difficult>
		<bndbox>
			<xmin>7</xmin>
			<ymin>8</ymin>
			<xmax>406</xmax>
			<ymax>416</ymax>
		</bndbox>
	</object>
</annotation>
