<annotation>
	<folder>turkish_coin_dataset</folder>
	<filename>50kr_jpg.rf.f1c97c99ccb3054b27f3c7dff3ff9ea6.jpg</filename>
	<path>C:\Users\yaznu\OneDrive\Masaüstü\turkish_coin_dataset\50kr_jpg.rf.f1c97c99ccb3054b27f3c7dff3ff9ea6.jpg</path>
	<source>
		<database>Unknown</database>
	</source>
	<size>
		<width>416</width>
		<height>416</height>
		<depth>3</depth>
	</size>
	<segmented>0</segmented>
	<object>
		<name>50Krs</name>
		<pose>Unspecified</pose>
		<truncated>1</truncated>
		<difficult>0</difficult>
		<bndbox>
			<xmin>6</xmin>
			<ymin>5</ymin>
			<xmax>414</xmax>
			<ymax>416</ymax>
		</bndbox>
	</object>
</annotation>
