<annotation>
	<folder>turkish_coin_dataset</folder>
	<filename>50krr_jpg.rf.ec4faa25826d8dbadcd948a1a0b74cf5.jpg</filename>
	<path>C:\Users\yaznu\OneDrive\Masaüstü\turkish_coin_dataset\50krr_jpg.rf.ec4faa25826d8dbadcd948a1a0b74cf5.jpg</path>
	<source>
		<database>Unknown</database>
	</source>
	<size>
		<width>416</width>
		<height>416</height>
		<depth>3</depth>
	</size>
	<segmented>0</segmented>
	<object>
		<name>50Krs</name>
		<pose>Unspecified</pose>
		<truncated>1</truncated>
		<difficult>0</difficult>
		<bndbox>
			<xmin>11</xmin>
			<ymin>9</ymin>
			<xmax>407</xmax>
			<ymax>416</ymax>
		</bndbox>
	</object>
</annotation>
