<annotation>
	<folder>turkish_coin_dataset</folder>
	<filename>50krr_jpg.rf.cab994b2e1ee64e5b0dd79ec1e344b6d.jpg</filename>
	<path>C:\Users\yaznu\OneDrive\Masaüstü\turkish_coin_dataset\50krr_jpg.rf.cab994b2e1ee64e5b0dd79ec1e344b6d.jpg</path>
	<source>
		<database>Unknown</database>
	</source>
	<size>
		<width>416</width>
		<height>416</height>
		<depth>3</depth>
	</size>
	<segmented>0</segmented>
	<object>
		<name>50Krs</name>
		<pose>Unspecified</pose>
		<truncated>0</truncated>
		<difficult>0</difficult>
		<bndbox>
			<xmin>3</xmin>
			<ymin>9</ymin>
			<xmax>404</xmax>
			<ymax>407</ymax>
		</bndbox>
	</object>
</annotation>
