<annotation>
	<folder>turkish_coin_dataset</folder>
	<filename>50krr_jpg.rf.e2782d7b5dab63e30826e0a7c98f6ff6.jpg</filename>
	<path>C:\Users\yaznu\OneDrive\Masaüstü\turkish_coin_dataset\50krr_jpg.rf.e2782d7b5dab63e30826e0a7c98f6ff6.jpg</path>
	<source>
		<database>Unknown</database>
	</source>
	<size>
		<width>416</width>
		<height>416</height>
		<depth>3</depth>
	</size>
	<segmented>0</segmented>
	<object>
		<name>50Krs</name>
		<pose>Unspecified</pose>
		<truncated>1</truncated>
		<difficult>0</difficult>
		<bndbox>
			<xmin>3</xmin>
			<ymin>3</ymin>
			<xmax>416</xmax>
			<ymax>411</ymax>
		</bndbox>
	</object>
</annotation>
