<annotation>
	<folder>turkish_coin_dataset</folder>
	<filename>50kr_jpg.rf.b53c7bd8a43490f19ab4bc87b0b77509.jpg</filename>
	<path>C:\Users\yaznu\OneDrive\Masaüstü\turkish_coin_dataset\50kr_jpg.rf.b53c7bd8a43490f19ab4bc87b0b77509.jpg</path>
	<source>
		<database>Unknown</database>
	</source>
	<size>
		<width>416</width>
		<height>416</height>
		<depth>3</depth>
	</size>
	<segmented>0</segmented>
	<object>
		<name>50Krs</name>
		<pose>Unspecified</pose>
		<truncated>1</truncated>
		<difficult>0</difficult>
		<bndbox>
			<xmin>10</xmin>
			<ymin>1</ymin>
			<xmax>416</xmax>
			<ymax>414</ymax>
		</bndbox>
	</object>
</annotation>
