<annotation>
	<folder>turkish_coin_dataset</folder>
	<filename>50krr_jpg.rf.99f91a7f1de48a47c223a86b9aa800ee.jpg</filename>
	<path>C:\Users\yaznu\OneDrive\Masaüstü\turkish_coin_dataset\50krr_jpg.rf.99f91a7f1de48a47c223a86b9aa800ee.jpg</path>
	<source>
		<database>Unknown</database>
	</source>
	<size>
		<width>416</width>
		<height>416</height>
		<depth>3</depth>
	</size>
	<segmented>0</segmented>
	<object>
		<name>50Krs</name>
		<pose>Unspecified</pose>
		<truncated>0</truncated>
		<difficult>0</difficult>
		<bndbox>
			<xmin>10</xmin>
			<ymin>10</ymin>
			<xmax>412</xmax>
			<ymax>414</ymax>
		</bndbox>
	</object>
</annotation>
