<annotation>
	<folder>turkish_coin_dataset</folder>
	<filename>50kr_jpg.rf.b5caaafacebefabc8b64dde5f6902d9d.jpg</filename>
	<path>C:\Users\yaznu\OneDrive\Masaüstü\turkish_coin_dataset\50kr_jpg.rf.b5caaafacebefabc8b64dde5f6902d9d.jpg</path>
	<source>
		<database>Unknown</database>
	</source>
	<size>
		<width>416</width>
		<height>416</height>
		<depth>3</depth>
	</size>
	<segmented>0</segmented>
	<object>
		<name>50Krs</name>
		<pose>Unspecified</pose>
		<truncated>0</truncated>
		<difficult>0</difficult>
		<bndbox>
			<xmin>4</xmin>
			<ymin>6</ymin>
			<xmax>414</xmax>
			<ymax>414</ymax>
		</bndbox>
	</object>
</annotation>
