<annotation>
	<folder>turkish_coin_dataset</folder>
	<filename>50kr_jpg.rf.053f35246beb5e0a819ae234d559e6aa.jpg</filename>
	<path>C:\Users\yaznu\OneDrive\Masaüstü\turkish_coin_dataset\50kr_jpg.rf.053f35246beb5e0a819ae234d559e6aa.jpg</path>
	<source>
		<database>Unknown</database>
	</source>
	<size>
		<width>416</width>
		<height>416</height>
		<depth>3</depth>
	</size>
	<segmented>0</segmented>
	<object>
		<name>50Krs</name>
		<pose>Unspecified</pose>
		<truncated>0</truncated>
		<difficult>0</difficult>
		<bndbox>
			<xmin>16</xmin>
			<ymin>19</ymin>
			<xmax>406</xmax>
			<ymax>409</ymax>
		</bndbox>
	</object>
</annotation>
