<annotation>
	<folder>turkish_coin_dataset</folder>
	<filename>50kr_jpg.rf.4fbeab49be1d06175e137b461f424b9c.jpg</filename>
	<path>C:\Users\yaznu\OneDrive\Masaüstü\turkish_coin_dataset\50kr_jpg.rf.4fbeab49be1d06175e137b461f424b9c.jpg</path>
	<source>
		<database>Unknown</database>
	</source>
	<size>
		<width>416</width>
		<height>416</height>
		<depth>3</depth>
	</size>
	<segmented>0</segmented>
	<object>
		<name>50Krs</name>
		<pose>Unspecified</pose>
		<truncated>0</truncated>
		<difficult>0</difficult>
		<bndbox>
			<xmin>6</xmin>
			<ymin>9</ymin>
			<xmax>406</xmax>
			<ymax>405</ymax>
		</bndbox>
	</object>
</annotation>
