<annotation>
	<folder>turkish_coin_dataset</folder>
	<filename>50krr_jpg.rf.cdb76c07bb1a96a13987bf4557dfc1d0.jpg</filename>
	<path>C:\Users\yaznu\OneDrive\Masaüstü\turkish_coin_dataset\50krr_jpg.rf.cdb76c07bb1a96a13987bf4557dfc1d0.jpg</path>
	<source>
		<database>Unknown</database>
	</source>
	<size>
		<width>416</width>
		<height>416</height>
		<depth>3</depth>
	</size>
	<segmented>0</segmented>
	<object>
		<name>50Krs</name>
		<pose>Unspecified</pose>
		<truncated>0</truncated>
		<difficult>0</difficult>
		<bndbox>
			<xmin>5</xmin>
			<ymin>6</ymin>
			<xmax>402</xmax>
			<ymax>407</ymax>
		</bndbox>
	</object>
</annotation>
