<annotation>
	<folder>turkish_coin_dataset</folder>
	<filename>50kr_jpg.rf.f693ea2f75eb186bff18dbb43d8a614f.jpg</filename>
	<path>C:\Users\yaznu\OneDrive\Masaüstü\turkish_coin_dataset\50kr_jpg.rf.f693ea2f75eb186bff18dbb43d8a614f.jpg</path>
	<source>
		<database>Unknown</database>
	</source>
	<size>
		<width>416</width>
		<height>416</height>
		<depth>3</depth>
	</size>
	<segmented>0</segmented>
	<object>
		<name>50Krs</name>
		<pose>Unspecified</pose>
		<truncated>1</truncated>
		<difficult>0</difficult>
		<bndbox>
			<xmin>9</xmin>
			<ymin>6</ymin>
			<xmax>416</xmax>
			<ymax>415</ymax>
		</bndbox>
	</object>
</annotation>
