<annotation>
	<folder>turkish_coin_dataset</folder>
	<filename>5kr_jpg.rf.11d653afd5bda379487c1147f3800cdf.jpg</filename>
	<path>C:\Users\yaznu\OneDrive\Masaüstü\turkish_coin_dataset\5kr_jpg.rf.11d653afd5bda379487c1147f3800cdf.jpg</path>
	<source>
		<database>Unknown</database>
	</source>
	<size>
		<width>416</width>
		<height>416</height>
		<depth>3</depth>
	</size>
	<segmented>0</segmented>
	<object>
		<name>50Krs</name>
		<pose>Unspecified</pose>
		<truncated>1</truncated>
		<difficult>0</difficult>
		<bndbox>
			<xmin>6</xmin>
			<ymin>13</ymin>
			<xmax>412</xmax>
			<ymax>416</ymax>
		</bndbox>
	</object>
</annotation>
