<annotation>
	<folder>turkish_coin_dataset</folder>
	<filename>5kr_jpg.rf.7655f83d42a1c2fd582000f56ba49060.jpg</filename>
	<path>C:\Users\yaznu\OneDrive\Masaüstü\turkish_coin_dataset\5kr_jpg.rf.7655f83d42a1c2fd582000f56ba49060.jpg</path>
	<source>
		<database>Unknown</database>
	</source>
	<size>
		<width>416</width>
		<height>416</height>
		<depth>3</depth>
	</size>
	<segmented>0</segmented>
	<object>
		<name>5Krs</name>
		<pose>Unspecified</pose>
		<truncated>1</truncated>
		<difficult>0</difficult>
		<bndbox>
			<xmin>7</xmin>
			<ymin>8</ymin>
			<xmax>416</xmax>
			<ymax>408</ymax>
		</bndbox>
	</object>
</annotation>
