<annotation>
	<folder>turkish_coin_dataset</folder>
	<filename>5kr_jpg.rf.fe15f5584012ab88340e3615df0bb3ab.jpg</filename>
	<path>C:\Users\yaznu\OneDrive\Masaüstü\turkish_coin_dataset\5kr_jpg.rf.fe15f5584012ab88340e3615df0bb3ab.jpg</path>
	<source>
		<database>Unknown</database>
	</source>
	<size>
		<width>416</width>
		<height>416</height>
		<depth>3</depth>
	</size>
	<segmented>0</segmented>
	<object>
		<name>5Krs</name>
		<pose>Unspecified</pose>
		<truncated>1</truncated>
		<difficult>0</difficult>
		<bndbox>
			<xmin>9</xmin>
			<ymin>2</ymin>
			<xmax>416</xmax>
			<ymax>414</ymax>
		</bndbox>
	</object>
</annotation>
