<annotation>
	<folder>turkish_coin_dataset</folder>
	<filename>5kr_jpg.rf.3f795f150ceccafef02fc68a76913499.jpg</filename>
	<path>C:\Users\yaznu\OneDrive\Masaüstü\turkish_coin_dataset\5kr_jpg.rf.3f795f150ceccafef02fc68a76913499.jpg</path>
	<source>
		<database>Unknown</database>
	</source>
	<size>
		<width>416</width>
		<height>416</height>
		<depth>3</depth>
	</size>
	<segmented>0</segmented>
	<object>
		<name>5Krs</name>
		<pose>Unspecified</pose>
		<truncated>1</truncated>
		<difficult>0</difficult>
		<bndbox>
			<xmin>6</xmin>
			<ymin>4</ymin>
			<xmax>416</xmax>
			<ymax>403</ymax>
		</bndbox>
	</object>
</annotation>
