<annotation>
	<folder>turkish_coin_dataset</folder>
	<filename>5kr_jpg.rf.c4f9d1da9bfb1d7531720f39e365348a.jpg</filename>
	<path>C:\Users\yaznu\OneDrive\Masaüstü\turkish_coin_dataset\5kr_jpg.rf.c4f9d1da9bfb1d7531720f39e365348a.jpg</path>
	<source>
		<database>Unknown</database>
	</source>
	<size>
		<width>416</width>
		<height>416</height>
		<depth>3</depth>
	</size>
	<segmented>0</segmented>
	<object>
		<name>5Krs</name>
		<pose>Unspecified</pose>
		<truncated>1</truncated>
		<difficult>0</difficult>
		<bndbox>
			<xmin>7</xmin>
			<ymin>1</ymin>
			<xmax>408</xmax>
			<ymax>416</ymax>
		</bndbox>
	</object>
</annotation>
