<annotation>
	<folder>turkish_coin_dataset</folder>
	<filename>5kr_jpg.rf.34c460d9111736d0ac182eba758cd16a.jpg</filename>
	<path>C:\Users\yaznu\OneDrive\Masaüstü\turkish_coin_dataset\5kr_jpg.rf.34c460d9111736d0ac182eba758cd16a.jpg</path>
	<source>
		<database>Unknown</database>
	</source>
	<size>
		<width>416</width>
		<height>416</height>
		<depth>3</depth>
	</size>
	<segmented>0</segmented>
	<object>
		<name>5Krs</name>
		<pose>Unspecified</pose>
		<truncated>0</truncated>
		<difficult>0</difficult>
		<bndbox>
			<xmin>11</xmin>
			<ymin>5</ymin>
			<xmax>413</xmax>
			<ymax>407</ymax>
		</bndbox>
	</object>
</annotation>
