<annotation>
	<folder>turkish_coin_dataset</folder>
	<filename>5kr_jpg.rf.66264c868da2c1a1635be3092938443b.jpg</filename>
	<path>C:\Users\yaznu\OneDrive\Masaüstü\turkish_coin_dataset\5kr_jpg.rf.66264c868da2c1a1635be3092938443b.jpg</path>
	<source>
		<database>Unknown</database>
	</source>
	<size>
		<width>416</width>
		<height>416</height>
		<depth>3</depth>
	</size>
	<segmented>0</segmented>
	<object>
		<name>5Krs</name>
		<pose>Unspecified</pose>
		<truncated>0</truncated>
		<difficult>0</difficult>
		<bndbox>
			<xmin>8</xmin>
			<ymin>5</ymin>
			<xmax>411</xmax>
			<ymax>414</ymax>
		</bndbox>
	</object>
</annotation>
