<annotation>
	<folder>turkish_coin_dataset</folder>
	<filename>5kr_jpg.rf.ad2f2890fd7f6c56809bad133add4e34.jpg</filename>
	<path>C:\Users\yaznu\OneDrive\Masaüstü\turkish_coin_dataset\5kr_jpg.rf.ad2f2890fd7f6c56809bad133add4e34.jpg</path>
	<source>
		<database>Unknown</database>
	</source>
	<size>
		<width>416</width>
		<height>416</height>
		<depth>3</depth>
	</size>
	<segmented>0</segmented>
	<object>
		<name>5Krs</name>
		<pose>Unspecified</pose>
		<truncated>0</truncated>
		<difficult>0</difficult>
		<bndbox>
			<xmin>7</xmin>
			<ymin>3</ymin>
			<xmax>408</xmax>
			<ymax>406</ymax>
		</bndbox>
	</object>
</annotation>
