<annotation>
	<folder>turkish_coin_dataset</folder>
	<filename>5kr_jpg.rf.2bd44368c4aeef3b9236663206b1d73d.jpg</filename>
	<path>C:\Users\yaznu\OneDrive\Masaüstü\turkish_coin_dataset\5kr_jpg.rf.2bd44368c4aeef3b9236663206b1d73d.jpg</path>
	<source>
		<database>Unknown</database>
	</source>
	<size>
		<width>416</width>
		<height>416</height>
		<depth>3</depth>
	</size>
	<segmented>0</segmented>
	<object>
		<name>5Krs</name>
		<pose>Unspecified</pose>
		<truncated>0</truncated>
		<difficult>0</difficult>
		<bndbox>
			<xmin>8</xmin>
			<ymin>7</ymin>
			<xmax>405</xmax>
			<ymax>413</ymax>
		</bndbox>
	</object>
</annotation>
