<annotation>
	<folder>turkish_coin_dataset</folder>
	<filename>5krr_jpg.rf.c92126656c69992ac98a9cd3b6e7eaaa.jpg</filename>
	<path>C:\Users\yaznu\OneDrive\Masaüstü\turkish_coin_dataset\5krr_jpg.rf.c92126656c69992ac98a9cd3b6e7eaaa.jpg</path>
	<source>
		<database>Unknown</database>
	</source>
	<size>
		<width>416</width>
		<height>416</height>
		<depth>3</depth>
	</size>
	<segmented>0</segmented>
	<object>
		<name>5Krs</name>
		<pose>Unspecified</pose>
		<truncated>0</truncated>
		<difficult>0</difficult>
		<bndbox>
			<xmin>4</xmin>
			<ymin>2</ymin>
			<xmax>407</xmax>
			<ymax>400</ymax>
		</bndbox>
	</object>
</annotation>
