<annotation>
	<folder>turkish_coin_dataset</folder>
	<filename>5krr_jpg.rf.8bea1c4f13bece7e701943dedb199b7a.jpg</filename>
	<path>C:\Users\yaznu\OneDrive\Masaüstü\turkish_coin_dataset\5krr_jpg.rf.8bea1c4f13bece7e701943dedb199b7a.jpg</path>
	<source>
		<database>Unknown</database>
	</source>
	<size>
		<width>416</width>
		<height>416</height>
		<depth>3</depth>
	</size>
	<segmented>0</segmented>
	<object>
		<name>5Krs</name>
		<pose>Unspecified</pose>
		<truncated>1</truncated>
		<difficult>0</difficult>
		<bndbox>
			<xmin>6</xmin>
			<ymin>6</ymin>
			<xmax>416</xmax>
			<ymax>412</ymax>
		</bndbox>
	</object>
</annotation>
