<annotation>
	<folder>turkish_coin_dataset</folder>
	<filename>5krr_jpg.rf.5b4e46338a61232c228956c951776f12.jpg</filename>
	<path>C:\Users\yaznu\OneDrive\Masaüstü\turkish_coin_dataset\5krr_jpg.rf.5b4e46338a61232c228956c951776f12.jpg</path>
	<source>
		<database>Unknown</database>
	</source>
	<size>
		<width>416</width>
		<height>416</height>
		<depth>3</depth>
	</size>
	<segmented>0</segmented>
	<object>
		<name>5Krs</name>
		<pose>Unspecified</pose>
		<truncated>0</truncated>
		<difficult>0</difficult>
		<bndbox>
			<xmin>6</xmin>
			<ymin>7</ymin>
			<xmax>409</xmax>
			<ymax>399</ymax>
		</bndbox>
	</object>
</annotation>
