<annotation>
	<folder>turkish_coin_dataset</folder>
	<filename>5krr_jpg.rf.a67d955d8e9d27957d0fe72cda68c8a3.jpg</filename>
	<path>C:\Users\yaznu\OneDrive\Masaüstü\turkish_coin_dataset\5krr_jpg.rf.a67d955d8e9d27957d0fe72cda68c8a3.jpg</path>
	<source>
		<database>Unknown</database>
	</source>
	<size>
		<width>416</width>
		<height>416</height>
		<depth>3</depth>
	</size>
	<segmented>0</segmented>
	<object>
		<name>5Krs</name>
		<pose>Unspecified</pose>
		<truncated>1</truncated>
		<difficult>0</difficult>
		<bndbox>
			<xmin>7</xmin>
			<ymin>4</ymin>
			<xmax>416</xmax>
			<ymax>415</ymax>
		</bndbox>
	</object>
</annotation>
