<annotation>
	<folder>turkish_coin_dataset</folder>
	<filename>5krr_jpg.rf.568ae28ffc2c3c6286c879b6b62714e4.jpg</filename>
	<path>C:\Users\yaznu\OneDrive\Masaüstü\turkish_coin_dataset\5krr_jpg.rf.568ae28ffc2c3c6286c879b6b62714e4.jpg</path>
	<source>
		<database>Unknown</database>
	</source>
	<size>
		<width>416</width>
		<height>416</height>
		<depth>3</depth>
	</size>
	<segmented>0</segmented>
	<object>
		<name>5Krs</name>
		<pose>Unspecified</pose>
		<truncated>1</truncated>
		<difficult>0</difficult>
		<bndbox>
			<xmin>4</xmin>
			<ymin>10</ymin>
			<xmax>416</xmax>
			<ymax>410</ymax>
		</bndbox>
	</object>
</annotation>
