<annotation>
	<folder>turkish_coin_dataset</folder>
	<filename>5krr_jpg.rf.ed720bf98340f4848ba17367b9d9bf2c.jpg</filename>
	<path>C:\Users\yaznu\OneDrive\Masaüstü\turkish_coin_dataset\5krr_jpg.rf.ed720bf98340f4848ba17367b9d9bf2c.jpg</path>
	<source>
		<database>Unknown</database>
	</source>
	<size>
		<width>416</width>
		<height>416</height>
		<depth>3</depth>
	</size>
	<segmented>0</segmented>
	<object>
		<name>5Krs</name>
		<pose>Unspecified</pose>
		<truncated>1</truncated>
		<difficult>0</difficult>
		<bndbox>
			<xmin>7</xmin>
			<ymin>9</ymin>
			<xmax>416</xmax>
			<ymax>404</ymax>
		</bndbox>
	</object>
</annotation>
