<annotation>
	<folder>turkish_coin_dataset</folder>
	<filename>5krr_jpg.rf.9cbd1dab234f71c95a529d6f24f8d89a.jpg</filename>
	<path>C:\Users\yaznu\OneDrive\Masaüstü\turkish_coin_dataset\5krr_jpg.rf.9cbd1dab234f71c95a529d6f24f8d89a.jpg</path>
	<source>
		<database>Unknown</database>
	</source>
	<size>
		<width>416</width>
		<height>416</height>
		<depth>3</depth>
	</size>
	<segmented>0</segmented>
	<object>
		<name>5Krs</name>
		<pose>Unspecified</pose>
		<truncated>1</truncated>
		<difficult>0</difficult>
		<bndbox>
			<xmin>13</xmin>
			<ymin>3</ymin>
			<xmax>414</xmax>
			<ymax>416</ymax>
		</bndbox>
	</object>
</annotation>
