<annotation>
	<folder>turkish_coin_dataset</folder>
	<filename>5krr_jpg.rf.283af19811b29dc21b6a269c989302bb.jpg</filename>
	<path>C:\Users\yaznu\OneDrive\Masaüstü\turkish_coin_dataset\5krr_jpg.rf.283af19811b29dc21b6a269c989302bb.jpg</path>
	<source>
		<database>Unknown</database>
	</source>
	<size>
		<width>416</width>
		<height>416</height>
		<depth>3</depth>
	</size>
	<segmented>0</segmented>
	<object>
		<name>5Krs</name>
		<pose>Unspecified</pose>
		<truncated>1</truncated>
		<difficult>0</difficult>
		<bndbox>
			<xmin>17</xmin>
			<ymin>9</ymin>
			<xmax>405</xmax>
			<ymax>416</ymax>
		</bndbox>
	</object>
</annotation>
