<annotation>
	<folder>turkish_coin_dataset</folder>
	<filename>5krr_jpg.rf.438bc4adc4fe41180e69b8f4282e0dae.jpg</filename>
	<path>C:\Users\yaznu\OneDrive\Masaüstü\turkish_coin_dataset\5krr_jpg.rf.438bc4adc4fe41180e69b8f4282e0dae.jpg</path>
	<source>
		<database>Unknown</database>
	</source>
	<size>
		<width>416</width>
		<height>416</height>
		<depth>3</depth>
	</size>
	<segmented>0</segmented>
	<object>
		<name>5Krs</name>
		<pose>Unspecified</pose>
		<truncated>1</truncated>
		<difficult>0</difficult>
		<bndbox>
			<xmin>5</xmin>
			<ymin>4</ymin>
			<xmax>416</xmax>
			<ymax>408</ymax>
		</bndbox>
	</object>
</annotation>
