<annotation>
	<folder>turkish_coin_dataset</folder>
	<filename>5krr_jpg.rf.30ec4f0e38086975a48a33ca75f9144f.jpg</filename>
	<path>C:\Users\yaznu\OneDrive\Masaüstü\turkish_coin_dataset\5krr_jpg.rf.30ec4f0e38086975a48a33ca75f9144f.jpg</path>
	<source>
		<database>Unknown</database>
	</source>
	<size>
		<width>416</width>
		<height>416</height>
		<depth>3</depth>
	</size>
	<segmented>0</segmented>
	<object>
		<name>5Krs</name>
		<pose>Unspecified</pose>
		<truncated>1</truncated>
		<difficult>0</difficult>
		<bndbox>
			<xmin>12</xmin>
			<ymin>5</ymin>
			<xmax>409</xmax>
			<ymax>416</ymax>
		</bndbox>
	</object>
</annotation>
