<annotation>
	<folder>turkish_coin_dataset</folder>
	<filename>Turkish_Lira_png.rf.82a2d6e3325cc49897e54a1a2acfd8bb.jpg</filename>
	<path>C:\Users\yaznu\OneDrive\Masaüstü\turkish_coin_dataset\Turkish_Lira_png.rf.82a2d6e3325cc49897e54a1a2acfd8bb.jpg</path>
	<source>
		<database>Unknown</database>
	</source>
	<size>
		<width>416</width>
		<height>416</height>
		<depth>3</depth>
	</size>
	<segmented>0</segmented>
	<object>
		<name>1Krs</name>
		<pose>Unspecified</pose>
		<truncated>1</truncated>
		<difficult>0</difficult>
		<bndbox>
			<xmin>230</xmin>
			<ymin>1</ymin>
			<xmax>377</xmax>
			<ymax>71</ymax>
		</bndbox>
	</object>
	<object>
		<name>1Krs</name>
		<pose>Unspecified</pose>
		<truncated>1</truncated>
		<difficult>0</difficult>
		<bndbox>
			<xmin>367</xmin>
			<ymin>114</ymin>
			<xmax>416</xmax>
			<ymax>201</ymax>
		</bndbox>
	</object>
	<object>
		<name>5Krs</name>
		<pose>Unspecified</pose>
		<truncated>1</truncated>
		<difficult>0</difficult>
		<bndbox>
			<xmin>323</xmin>
			<ymin>155</ymin>
			<xmax>416</xmax>
			<ymax>255</ymax>
		</bndbox>
	</object>
	<object>
		<name>5Krs</name>
		<pose>Unspecified</pose>
		<truncated>0</truncated>
		<difficult>0</difficult>
		<bndbox>
			<xmin>184</xmin>
			<ymin>11</ymin>
			<xmax>290</xmax>
			<ymax>111</ymax>
		</bndbox>
	</object>
	<object>
		<name>10Krs</name>
		<pose>Unspecified</pose>
		<truncated>0</truncated>
		<difficult>0</difficult>
		<bndbox>
			<xmin>135</xmin>
			<ymin>43</ymin>
			<xmax>248</xmax>
			<ymax>154</ymax>
		</bndbox>
	</object>
	<object>
		<name>10Krs</name>
		<pose>Unspecified</pose>
		<truncated>0</truncated>
		<difficult>0</difficult>
		<bndbox>
			<xmin>271</xmin>
			<ymin>192</ymin>
			<xmax>378</xmax>
			<ymax>303</ymax>
		</bndbox>
	</object>
	<object>
		<name>25Krs</name>
		<pose>Unspecified</pose>
		<truncated>0</truncated>
		<difficult>0</difficult>
		<bndbox>
			<xmin>75</xmin>
			<ymin>80</ymin>
			<xmax>196</xmax>
			<ymax>204</ymax>
		</bndbox>
	</object>
	<object>
		<name>25Krs</name>
		<pose>Unspecified</pose>
		<truncated>0</truncated>
		<difficult>0</difficult>
		<bndbox>
			<xmin>217</xmin>
			<ymin>229</ymin>
			<xmax>340</xmax>
			<ymax>354</ymax>
		</bndbox>
	</object>
	<object>
		<name>50Krs</name>
		<pose>Unspecified</pose>
		<truncated>0</truncated>
		<difficult>0</difficult>
		<bndbox>
			<xmin>12</xmin>
			<ymin>114</ymin>
			<xmax>158</xmax>
			<ymax>258</ymax>
		</bndbox>
	</object>
	<object>
		<name>50Krs</name>
		<pose>Unspecified</pose>
		<truncated>0</truncated>
		<difficult>0</difficult>
		<bndbox>
			<xmin>156</xmin>
			<ymin>268</ymin>
			<xmax>290</xmax>
			<ymax>415</ymax>
		</bndbox>
	</object>
	<object>
		<name>1Tl</name>
		<pose>Unspecified</pose>
		<truncated>1</truncated>
		<difficult>0</difficult>
		<bndbox>
			<xmin>1</xmin>
			<ymin>180</ymin>
			<xmax>90</xmax>
			<ymax>324</ymax>
		</bndbox>
	</object>
	<object>
		<name>1Tl</name>
		<pose>Unspecified</pose>
		<truncated>1</truncated>
		<difficult>0</difficult>
		<bndbox>
			<xmin>83</xmin>
			<ymin>321</ymin>
			<xmax>214</xmax>
			<ymax>416</ymax>
		</bndbox>
	</object>
</annotation>
