<annotation>
	<folder>turkish_coin_dataset</folder>
	<filename>Turkish_Lira_png.rf.c077dc1e72ef44af7210862f0ab74df2.jpg</filename>
	<path>C:\Users\yaznu\OneDrive\Masaüstü\turkish_coin_dataset\Turkish_Lira_png.rf.c077dc1e72ef44af7210862f0ab74df2.jpg</path>
	<source>
		<database>Unknown</database>
	</source>
	<size>
		<width>416</width>
		<height>416</height>
		<depth>3</depth>
	</size>
	<segmented>0</segmented>
	<object>
		<name>1Tl</name>
		<pose>Unspecified</pose>
		<truncated>0</truncated>
		<difficult>0</difficult>
		<bndbox>
			<xmin>2</xmin>
			<ymin>3</ymin>
			<xmax>88</xmax>
			<ymax>200</ymax>
		</bndbox>
	</object>
	<object>
		<name>1Tl</name>
		<pose>Unspecified</pose>
		<truncated>0</truncated>
		<difficult>0</difficult>
		<bndbox>
			<xmin>7</xmin>
			<ymin>205</ymin>
			<xmax>90</xmax>
			<ymax>408</ymax>
		</bndbox>
	</object>
	<object>
		<name>50Krs</name>
		<pose>Unspecified</pose>
		<truncated>0</truncated>
		<difficult>0</difficult>
		<bndbox>
			<xmin>88</xmin>
			<ymin>9</ymin>
			<xmax>167</xmax>
			<ymax>204</ymax>
		</bndbox>
	</object>
	<object>
		<name>50Krs</name>
		<pose>Unspecified</pose>
		<truncated>0</truncated>
		<difficult>0</difficult>
		<bndbox>
			<xmin>86</xmin>
			<ymin>214</ymin>
			<xmax>168</xmax>
			<ymax>409</ymax>
		</bndbox>
	</object>
	<object>
		<name>25Krs</name>
		<pose>Unspecified</pose>
		<truncated>0</truncated>
		<difficult>0</difficult>
		<bndbox>
			<xmin>166</xmin>
			<ymin>19</ymin>
			<xmax>231</xmax>
			<ymax>186</ymax>
		</bndbox>
	</object>
	<object>
		<name>25Krs</name>
		<pose>Unspecified</pose>
		<truncated>0</truncated>
		<difficult>0</difficult>
		<bndbox>
			<xmin>166</xmin>
			<ymin>220</ymin>
			<xmax>233</xmax>
			<ymax>399</ymax>
		</bndbox>
	</object>
	<object>
		<name>10Krs</name>
		<pose>Unspecified</pose>
		<truncated>0</truncated>
		<difficult>0</difficult>
		<bndbox>
			<xmin>233</xmin>
			<ymin>24</ymin>
			<xmax>302</xmax>
			<ymax>177</ymax>
		</bndbox>
	</object>
	<object>
		<name>10Krs</name>
		<pose>Unspecified</pose>
		<truncated>0</truncated>
		<difficult>0</difficult>
		<bndbox>
			<xmin>235</xmin>
			<ymin>225</ymin>
			<xmax>299</xmax>
			<ymax>390</ymax>
		</bndbox>
	</object>
	<object>
		<name>5Krs</name>
		<pose>Unspecified</pose>
		<truncated>0</truncated>
		<difficult>0</difficult>
		<bndbox>
			<xmin>296</xmin>
			<ymin>33</ymin>
			<xmax>362</xmax>
			<ymax>175</ymax>
		</bndbox>
	</object>
	<object>
		<name>5Krs</name>
		<pose>Unspecified</pose>
		<truncated>0</truncated>
		<difficult>0</difficult>
		<bndbox>
			<xmin>298</xmin>
			<ymin>230</ymin>
			<xmax>363</xmax>
			<ymax>380</ymax>
		</bndbox>
	</object>
	<object>
		<name>1Krs</name>
		<pose>Unspecified</pose>
		<truncated>0</truncated>
		<difficult>0</difficult>
		<bndbox>
			<xmin>362</xmin>
			<ymin>26</ymin>
			<xmax>413</xmax>
			<ymax>179</ymax>
		</bndbox>
	</object>
	<object>
		<name>1Krs</name>
		<pose>Unspecified</pose>
		<truncated>0</truncated>
		<difficult>0</difficult>
		<bndbox>
			<xmin>360</xmin>
			<ymin>232</ymin>
			<xmax>413</xmax>
			<ymax>382</ymax>
		</bndbox>
	</object>
</annotation>
