<annotation>
	<folder>turkish_coin_dataset</folder>
	<filename>Turkish_Lira_png.rf.ea4b99927d8391602b84aa67f0695180.jpg</filename>
	<path>C:\Users\yaznu\OneDrive\Masaüstü\turkish_coin_dataset\Turkish_Lira_png.rf.ea4b99927d8391602b84aa67f0695180.jpg</path>
	<source>
		<database>Unknown</database>
	</source>
	<size>
		<width>416</width>
		<height>416</height>
		<depth>3</depth>
	</size>
	<segmented>0</segmented>
	<object>
		<name>1Tl</name>
		<pose>Unspecified</pose>
		<truncated>0</truncated>
		<difficult>0</difficult>
		<bndbox>
			<xmin>32</xmin>
			<ymin>3</ymin>
			<xmax>115</xmax>
			<ymax>168</ymax>
		</bndbox>
	</object>
	<object>
		<name>1Tl</name>
		<pose>Unspecified</pose>
		<truncated>0</truncated>
		<difficult>0</difficult>
		<bndbox>
			<xmin>2</xmin>
			<ymin>182</ymin>
			<xmax>62</xmax>
			<ymax>369</ymax>
		</bndbox>
	</object>
	<object>
		<name>50Krs</name>
		<pose>Unspecified</pose>
		<truncated>0</truncated>
		<difficult>0</difficult>
		<bndbox>
			<xmin>115</xmin>
			<ymin>3</ymin>
			<xmax>193</xmax>
			<ymax>182</ymax>
		</bndbox>
	</object>
	<object>
		<name>50Krs</name>
		<pose>Unspecified</pose>
		<truncated>0</truncated>
		<difficult>0</difficult>
		<bndbox>
			<xmin>67</xmin>
			<ymin>202</ymin>
			<xmax>154</xmax>
			<ymax>384</ymax>
		</bndbox>
	</object>
	<object>
		<name>25Krs</name>
		<pose>Unspecified</pose>
		<truncated>0</truncated>
		<difficult>0</difficult>
		<bndbox>
			<xmin>190</xmin>
			<ymin>31</ymin>
			<xmax>260</xmax>
			<ymax>204</ymax>
		</bndbox>
	</object>
	<object>
		<name>25Krs</name>
		<pose>Unspecified</pose>
		<truncated>0</truncated>
		<difficult>0</difficult>
		<bndbox>
			<xmin>142</xmin>
			<ymin>231</ymin>
			<xmax>212</xmax>
			<ymax>381</ymax>
		</bndbox>
	</object>
	<object>
		<name>10Krs</name>
		<pose>Unspecified</pose>
		<truncated>0</truncated>
		<difficult>0</difficult>
		<bndbox>
			<xmin>256</xmin>
			<ymin>54</ymin>
			<xmax>321</xmax>
			<ymax>209</ymax>
		</bndbox>
	</object>
	<object>
		<name>10Krs</name>
		<pose>Unspecified</pose>
		<truncated>0</truncated>
		<difficult>0</difficult>
		<bndbox>
			<xmin>212</xmin>
			<ymin>253</ymin>
			<xmax>276</xmax>
			<ymax>402</ymax>
		</bndbox>
	</object>
	<object>
		<name>5Krs</name>
		<pose>Unspecified</pose>
		<truncated>0</truncated>
		<difficult>0</difficult>
		<bndbox>
			<xmin>320</xmin>
			<ymin>63</ymin>
			<xmax>381</xmax>
			<ymax>233</ymax>
		</bndbox>
	</object>
	<object>
		<name>5Krs</name>
		<pose>Unspecified</pose>
		<truncated>0</truncated>
		<difficult>0</difficult>
		<bndbox>
			<xmin>271</xmin>
			<ymin>271</ymin>
			<xmax>336</xmax>
			<ymax>409</ymax>
		</bndbox>
	</object>
	<object>
		<name>1Krs</name>
		<pose>Unspecified</pose>
		<truncated>1</truncated>
		<difficult>0</difficult>
		<bndbox>
			<xmin>377</xmin>
			<ymin>94</ymin>
			<xmax>416</xmax>
			<ymax>220</ymax>
		</bndbox>
	</object>
	<object>
		<name>1Krs</name>
		<pose>Unspecified</pose>
		<truncated>1</truncated>
		<difficult>0</difficult>
		<bndbox>
			<xmin>331</xmin>
			<ymin>292</ymin>
			<xmax>388</xmax>
			<ymax>416</ymax>
		</bndbox>
	</object>
</annotation>
