<annotation>
	<folder>turkish_coin_dataset</folder>
	<filename>Turkish_Lira_png.rf.f880dde7e8355af79257bd3916abb749.jpg</filename>
	<path>C:\Users\yaznu\OneDrive\Masaüstü\turkish_coin_dataset\Turkish_Lira_png.rf.f880dde7e8355af79257bd3916abb749.jpg</path>
	<source>
		<database>Unknown</database>
	</source>
	<size>
		<width>416</width>
		<height>416</height>
		<depth>3</depth>
	</size>
	<segmented>0</segmented>
	<object>
		<name>1Krs</name>
		<pose>Unspecified</pose>
		<truncated>0</truncated>
		<difficult>0</difficult>
		<bndbox>
			<xmin>257</xmin>
			<ymin>345</ymin>
			<xmax>399</xmax>
			<ymax>404</ymax>
		</bndbox>
	</object>
	<object>
		<name>1Krs</name>
		<pose>Unspecified</pose>
		<truncated>1</truncated>
		<difficult>0</difficult>
		<bndbox>
			<xmin>64</xmin>
			<ymin>376</ymin>
			<xmax>198</xmax>
			<ymax>416</ymax>
		</bndbox>
	</object>
	<object>
		<name>5Krs</name>
		<pose>Unspecified</pose>
		<truncated>0</truncated>
		<difficult>0</difficult>
		<bndbox>
			<xmin>243</xmin>
			<ymin>282</ymin>
			<xmax>396</xmax>
			<ymax>340</ymax>
		</bndbox>
	</object>
	<object>
		<name>5Krs</name>
		<pose>Unspecified</pose>
		<truncated>0</truncated>
		<difficult>0</difficult>
		<bndbox>
			<xmin>50</xmin>
			<ymin>318</ymin>
			<xmax>227</xmax>
			<ymax>365</ymax>
		</bndbox>
	</object>
	<object>
		<name>10Krs</name>
		<pose>Unspecified</pose>
		<truncated>0</truncated>
		<difficult>0</difficult>
		<bndbox>
			<xmin>243</xmin>
			<ymin>218</ymin>
			<xmax>395</xmax>
			<ymax>283</ymax>
		</bndbox>
	</object>
	<object>
		<name>10Krs</name>
		<pose>Unspecified</pose>
		<truncated>0</truncated>
		<difficult>0</difficult>
		<bndbox>
			<xmin>27</xmin>
			<ymin>251</ymin>
			<xmax>217</xmax>
			<ymax>312</ymax>
		</bndbox>
	</object>
	<object>
		<name>25Krs</name>
		<pose>Unspecified</pose>
		<truncated>1</truncated>
		<difficult>0</difficult>
		<bndbox>
			<xmin>222</xmin>
			<ymin>150</ymin>
			<xmax>416</xmax>
			<ymax>212</ymax>
		</bndbox>
	</object>
	<object>
		<name>25Krs</name>
		<pose>Unspecified</pose>
		<truncated>0</truncated>
		<difficult>0</difficult>
		<bndbox>
			<xmin>5</xmin>
			<ymin>184</ymin>
			<xmax>195</xmax>
			<ymax>249</ymax>
		</bndbox>
	</object>
	<object>
		<name>50Krs</name>
		<pose>Unspecified</pose>
		<truncated>0</truncated>
		<difficult>0</difficult>
		<bndbox>
			<xmin>207</xmin>
			<ymin>67</ymin>
			<xmax>394</xmax>
			<ymax>155</ymax>
		</bndbox>
	</object>
	<object>
		<name>50Krs</name>
		<pose>Unspecified</pose>
		<truncated>0</truncated>
		<difficult>0</difficult>
		<bndbox>
			<xmin>3</xmin>
			<ymin>101</ymin>
			<xmax>199</xmax>
			<ymax>179</ymax>
		</bndbox>
	</object>
	<object>
		<name>1Tl</name>
		<pose>Unspecified</pose>
		<truncated>1</truncated>
		<difficult>0</difficult>
		<bndbox>
			<xmin>183</xmin>
			<ymin>1</ymin>
			<xmax>388</xmax>
			<ymax>71</ymax>
		</bndbox>
	</object>
	<object>
		<name>1Tl</name>
		<pose>Unspecified</pose>
		<truncated>0</truncated>
		<difficult>0</difficult>
		<bndbox>
			<xmin>2</xmin>
			<ymin>19</ymin>
			<xmax>186</xmax>
			<ymax>106</ymax>
		</bndbox>
	</object>
</annotation>
